User ID,Device Model,Operating System,App Usage Time (min/day),Screen On Time (hours/day),Battery Drain (mAh/day),App Frequency,Data Usage (MB/day),Age,Gender
1,Google Pixel 5,Android,393,6.4,1872,67,1122,40,Male
2,OnePlus 9,Android,268,4.7,1331,42,944,47,Female
3,Xiaomi Mi 11,Android,154,4.0,761,32,322,42,Male
4,Google Pixel 5,Android,239,4.8,1676,56,871,20,Male
5,iPhone 12,iOS,187,4.3,1367,58,988,31,Female
6,Google Pixel 5,Android,99,2.0,940,35,564,31,Male
7,Samsung Galaxy S21,Android,350,7.3,1802,66,1054,21,Female
8,OnePlus 9,Android,543,11.4,2956,82,1702,31,Male
9,Samsung Galaxy S21,Android,340,7.7,2138,75,1053,42,Female
10,iPhone 12,iOS,424,6.6,1957,75,1301,42,Male
11,Google Pixel 5,Android,53,1.4,435,17,162,34,Female
12,OnePlus 9,Android,215,5.5,1690,47,641,24,Male
13,OnePlus 9,Android,462,6.2,2303,65,1099,57,Female
14,Xiaomi Mi 11,Android,215,4.9,1662,43,857,43,Male
15,iPhone 12,iOS,189,5.4,1754,53,779,49,Female
16,Google Pixel 5,Android,503,10.4,2571,84,2025,39,Female
17,OnePlus 9,Android,132,3.6,628,32,344,47,Female
18,iPhone 12,iOS,299,5.8,1431,41,985,44,Female
19,Google Pixel 5,Android,81,1.4,558,16,297,26,Female
20,iPhone 12,iOS,577,8.5,2774,89,2192,29,Female
21,Samsung Galaxy S21,Android,93,2.6,681,37,302,45,Female
22,OnePlus 9,Android,576,11.6,2803,82,1553,43,Female
23,Samsung Galaxy S21,Android,423,6.5,2094,65,1372,23,Female
24,Google Pixel 5,Android,292,5.6,1401,46,949,37,Female
25,OnePlus 9,Android,216,4.0,1711,59,748,58,Male
26,Samsung Galaxy S21,Android,91,3.4,1073,38,451,52,Male
27,iPhone 12,iOS,444,7.6,2372,77,1002,29,Male
28,Google Pixel 5,Android,512,10.5,2409,89,1599,33,Male
29,OnePlus 9,Android,452,6.8,2387,77,1456,55,Female
30,Samsung Galaxy S21,Android,412,6.2,1899,78,1384,19,Female
31,Xiaomi Mi 11,Android,260,6.0,1361,44,889,37,Female
32,Xiaomi Mi 11,Android,197,4.6,1660,59,975,25,Male
33,Google Pixel 5,Android,278,4.7,1484,55,917,21,Male
34,Google Pixel 5,Android,46,2.0,457,14,105,58,Male
35,Xiaomi Mi 11,Android,593,10.2,2499,81,1616,38,Female
36,Samsung Galaxy S21,Android,32,1.2,580,19,153,20,Female
37,iPhone 12,iOS,122,3.3,755,30,573,26,Male
38,Samsung Galaxy S21,Android,522,11.2,2808,93,2328,24,Male
39,OnePlus 9,Android,473,6.4,2312,74,1400,40,Male
40,Samsung Galaxy S21,Android,398,6.2,1851,77,1180,23,Male
41,Xiaomi Mi 11,Android,240,4.7,1464,52,708,56,Female
42,OnePlus 9,Android,576,10.1,2447,83,2323,33,Male
43,Samsung Galaxy S21,Android,120,2.1,720,39,392,43,Male
44,Samsung Galaxy S21,Android,152,3.7,993,32,429,18,Male
45,Xiaomi Mi 11,Android,138,2.4,837,21,572,56,Female
46,Xiaomi Mi 11,Android,502,10.9,2476,96,1935,39,Male
47,OnePlus 9,Android,558,8.4,2447,97,1594,22,Female
48,Samsung Galaxy S21,Android,138,3.6,889,25,323,27,Female
49,Google Pixel 5,Android,580,8.2,2623,90,2262,49,Male
50,OnePlus 9,Android,589,8.7,2736,82,1997,49,Male
51,Xiaomi Mi 11,Android,452,7.4,2180,61,1417,54,Female
52,Xiaomi Mi 11,Android,245,5.9,1243,52,885,29,Male
53,Samsung Galaxy S21,Android,125,2.7,690,28,393,27,Female
54,Xiaomi Mi 11,Android,97,2.2,1101,38,375,53,Male
55,Google Pixel 5,Android,516,8.7,2857,83,2189,53,Female
56,iPhone 12,iOS,68,1.6,450,14,111,30,Male
57,OnePlus 9,Android,64,1.1,572,10,161,42,Female
58,OnePlus 9,Android,539,8.4,2796,89,2415,26,Male
59,Xiaomi Mi 11,Android,428,7.0,2306,75,1144,22,Male
60,iPhone 12,iOS,325,7.1,2269,64,1053,56,Male
61,Xiaomi Mi 11,Android,522,11.9,2798,85,1663,28,Female
62,Xiaomi Mi 11,Android,309,7.5,2292,77,1253,57,Female
63,Xiaomi Mi 11,Android,79,1.9,493,14,128,55,Male
64,Xiaomi Mi 11,Android,545,11.5,2911,87,1717,21,Female
65,Samsung Galaxy S21,Android,459,7.0,1982,67,1091,43,Male
66,iPhone 12,iOS,225,4.0,1420,48,917,56,Male
67,iPhone 12,iOS,257,4.5,1705,57,912,55,Male
68,Xiaomi Mi 11,Android,134,4.0,773,35,449,28,Female
69,iPhone 12,iOS,516,10.2,2932,98,1547,31,Male
70,Google Pixel 5,Android,82,1.7,558,16,284,29,Female
71,Samsung Galaxy S21,Android,452,7.2,1808,64,1090,45,Female
72,iPhone 12,iOS,521,9.0,2902,97,1701,37,Male
73,Google Pixel 5,Android,457,6.3,2347,66,1082,22,Male
74,Xiaomi Mi 11,Android,31,1.1,585,11,208,50,Female
75,iPhone 12,iOS,47,2.0,476,14,125,39,Male
76,Xiaomi Mi 11,Android,229,5.7,1305,43,985,23,Female
77,Xiaomi Mi 11,Android,34,2.0,558,14,122,54,Female
78,Google Pixel 5,Android,173,2.5,678,29,301,30,Female
79,Samsung Galaxy S21,Android,78,1.8,333,17,138,51,Female
80,Google Pixel 5,Android,230,5.7,1254,52,989,34,Female
81,OnePlus 9,Android,565,10.6,2475,99,1603,51,Female
82,iPhone 12,iOS,172,2.8,1035,22,549,41,Male
83,Xiaomi Mi 11,Android,330,7.2,2363,77,1133,21,Female
84,Xiaomi Mi 11,Android,39,1.8,368,11,105,19,Male
85,Google Pixel 5,Android,223,4.5,1311,56,695,33,Female
86,Google Pixel 5,Android,404,7.4,2081,63,1352,44,Male
87,Samsung Galaxy S21,Android,151,2.4,1003,25,392,39,Male
88,Samsung Galaxy S21,Android,34,1.5,345,11,276,44,Male
89,Xiaomi Mi 11,Android,137,3.3,839,31,348,34,Female
90,Samsung Galaxy S21,Android,301,6.2,2053,75,1303,45,Male
91,Google Pixel 5,Android,116,2.1,912,39,307,40,Female
92,Google Pixel 5,Android,291,4.1,1474,46,827,32,Female
93,iPhone 12,iOS,84,1.4,501,16,284,56,Female
94,iPhone 12,iOS,134,2.5,1125,24,367,35,Male
95,Samsung Galaxy S21,Android,411,7.5,2169,72,1083,58,Male
96,Xiaomi Mi 11,Android,326,7.2,2243,73,1454,50,Male
97,iPhone 12,iOS,550,9.5,2916,91,1946,20,Male
98,OnePlus 9,Android,516,12.0,2406,82,1968,28,Female
99,Google Pixel 5,Android,59,1.2,361,18,293,25,Female
100,OnePlus 9,Android,225,5.5,1526,44,875,50,Female
101,Google Pixel 5,Android,41,1.1,389,15,136,53,Male
102,OnePlus 9,Android,183,4.1,1210,45,738,19,Male
103,Google Pixel 5,Android,174,2.5,929,37,565,32,Female
104,Xiaomi Mi 11,Android,274,4.2,1781,52,934,28,Male
105,Xiaomi Mi 11,Android,166,2.8,1113,28,360,25,Male
106,Xiaomi Mi 11,Android,66,1.2,585,12,264,36,Male
107,Google Pixel 5,Android,152,2.7,642,38,596,55,Male
108,Google Pixel 5,Android,54,1.4,403,17,278,23,Female
109,Xiaomi Mi 11,Android,187,5.5,1754,55,711,50,Female
110,OnePlus 9,Android,216,6.0,1641,41,889,39,Female
111,OnePlus 9,Android,95,3.8,718,26,459,41,Female
112,Xiaomi Mi 11,Android,488,8.6,2447,84,2344,19,Male
113,Google Pixel 5,Android,295,5.1,1483,45,748,27,Female
114,Samsung Galaxy S21,Android,136,3.2,818,33,404,42,Male
115,Xiaomi Mi 11,Android,471,7.9,2156,76,1324,54,Female
116,iPhone 12,iOS,121,3.2,651,34,596,39,Male
117,iPhone 12,iOS,75,1.2,409,13,281,18,Male
118,iPhone 12,iOS,220,5.2,1631,49,909,27,Female
119,Samsung Galaxy S21,Android,82,1.6,590,13,124,28,Female
120,Google Pixel 5,Android,97,2.7,1018,37,428,41,Male
121,Samsung Galaxy S21,Android,388,6.6,2085,71,1150,45,Female
122,OnePlus 9,Android,529,8.7,2484,89,2189,39,Female
123,Google Pixel 5,Android,584,10.0,2541,99,2391,49,Female
124,Google Pixel 5,Android,529,8.1,2686,96,1924,35,Male
125,Google Pixel 5,Android,227,5.1,1702,57,714,21,Male
126,Samsung Galaxy S21,Android,535,11.8,2858,99,2378,50,Male
127,iPhone 12,iOS,332,7.4,2149,68,1321,20,Female
128,Google Pixel 5,Android,252,4.2,1439,45,667,50,Female
129,Xiaomi Mi 11,Android,125,2.5,678,34,465,31,Male
130,Xiaomi Mi 11,Android,97,3.3,751,39,412,36,Female
131,Google Pixel 5,Android,540,10.8,2923,90,1886,40,Male
132,Xiaomi Mi 11,Android,320,7.2,2056,69,1226,52,Female
133,Google Pixel 5,Android,176,3.6,1193,30,458,40,Female
134,Samsung Galaxy S21,Android,79,1.0,313,18,139,42,Male
135,Xiaomi Mi 11,Android,83,1.6,303,19,285,51,Male
136,iPhone 12,iOS,555,11.3,2528,90,1856,55,Female
137,Samsung Galaxy S21,Android,66,1.7,375,16,216,39,Male
138,Xiaomi Mi 11,Android,237,4.5,1368,42,868,24,Female
139,Samsung Galaxy S21,Android,497,9.7,2876,94,2076,18,Male
140,Google Pixel 5,Android,516,11.1,2429,91,1796,53,Male
141,Xiaomi Mi 11,Android,219,5.2,1510,42,655,50,Female
142,Google Pixel 5,Android,448,6.3,2044,71,1337,51,Male
143,iPhone 12,iOS,156,2.2,896,37,429,57,Female
144,Samsung Galaxy S21,Android,68,1.1,528,12,201,29,Male
145,iPhone 12,iOS,524,11.2,2417,90,2069,29,Female
146,iPhone 12,iOS,188,5.3,1281,45,974,35,Male
147,Samsung Galaxy S21,Android,443,7.4,2289,73,1026,33,Male
148,Xiaomi Mi 11,Android,52,1.6,385,19,234,24,Male
149,OnePlus 9,Android,228,4.2,1677,58,823,56,Male
150,Google Pixel 5,Android,149,3.7,873,34,459,51,Male
151,iPhone 12,iOS,523,9.4,2583,92,1539,21,Male
152,Samsung Galaxy S21,Android,42,1.6,315,19,207,52,Female
153,Google Pixel 5,Android,120,2.0,741,38,396,56,Female
154,OnePlus 9,Android,329,7.5,2277,72,1185,27,Female
155,Xiaomi Mi 11,Android,68,1.5,364,10,102,31,Female
156,Xiaomi Mi 11,Android,158,3.4,893,36,493,32,Male
157,Xiaomi Mi 11,Android,86,1.7,439,19,136,54,Male
158,Xiaomi Mi 11,Android,339,7.8,2102,71,1062,51,Male
159,Samsung Galaxy S21,Android,304,6.5,2375,79,1493,51,Male
160,Xiaomi Mi 11,Android,131,2.4,859,26,305,40,Male
161,Samsung Galaxy S21,Android,64,1.6,540,19,262,35,Female
162,Xiaomi Mi 11,Android,53,1.9,526,15,112,42,Male
163,Google Pixel 5,Android,442,7.7,2067,69,1440,45,Male
164,iPhone 12,iOS,32,2.0,469,18,139,22,Male
165,Xiaomi Mi 11,Android,278,4.8,1238,48,851,43,Female
166,Xiaomi Mi 11,Android,540,8.4,2993,98,1540,49,Female
167,Google Pixel 5,Android,595,11.3,2968,88,2366,30,Male
168,Google Pixel 5,Android,35,1.5,467,10,158,58,Male
169,Google Pixel 5,Android,225,5.4,1370,44,791,55,Female
170,Google Pixel 5,Android,587,11.8,2431,90,1894,47,Male
171,Xiaomi Mi 11,Android,92,3.7,1124,27,524,44,Male
172,Google Pixel 5,Android,46,1.1,487,17,208,23,Male
173,OnePlus 9,Android,153,2.8,935,25,578,37,Female
174,iPhone 12,iOS,368,6.6,1817,72,1406,27,Female
175,Xiaomi Mi 11,Android,51,1.6,509,11,113,29,Female
176,Google Pixel 5,Android,279,5.2,1660,47,629,50,Female
177,Xiaomi Mi 11,Android,255,5.4,1738,42,826,21,Male
178,Samsung Galaxy S21,Android,193,5.7,1471,51,972,31,Female
179,Xiaomi Mi 11,Android,207,5.7,1582,52,692,38,Male
180,iPhone 12,iOS,539,11.9,2853,83,2007,55,Male
181,OnePlus 9,Android,151,2.4,1124,38,571,33,Male
182,Google Pixel 5,Android,474,6.4,2109,68,1079,24,Male
183,iPhone 12,iOS,544,9.2,2936,83,2416,47,Female
184,iPhone 12,iOS,73,1.2,308,15,275,39,Female
185,Xiaomi Mi 11,Android,597,10.4,2984,91,1564,34,Female
186,Google Pixel 5,Android,498,10.7,2738,94,1995,42,Male
187,iPhone 12,iOS,402,7.8,2014,79,1088,34,Female
188,OnePlus 9,Android,75,1.1,379,15,185,37,Male
189,iPhone 12,iOS,130,2.0,602,21,589,30,Female
190,Samsung Galaxy S21,Android,42,1.1,402,11,265,32,Female
191,iPhone 12,iOS,134,2.2,917,23,423,23,Male
192,Google Pixel 5,Android,79,1.9,477,13,161,24,Male
193,iPhone 12,iOS,432,7.2,1822,63,1127,59,Female
194,iPhone 12,iOS,262,4.1,1287,52,997,36,Male
195,Samsung Galaxy S21,Android,473,6.4,2109,79,1300,23,Female
196,Google Pixel 5,Android,202,4.7,1512,49,659,45,Female
197,OnePlus 9,Android,215,4.4,1407,41,991,47,Male
198,OnePlus 9,Android,151,3.7,1116,32,320,41,Female
199,OnePlus 9,Android,80,1.6,549,14,197,19,Male
200,Xiaomi Mi 11,Android,126,2.8,971,32,431,35,Female
201,Samsung Galaxy S21,Android,495,8.9,2920,84,2252,31,Female
202,iPhone 12,iOS,127,3.7,1153,35,314,37,Female
203,Xiaomi Mi 11,Android,88,1.3,327,11,262,22,Male
204,Google Pixel 5,Android,69,1.6,463,16,146,27,Male
205,OnePlus 9,Android,100,3.3,961,21,433,25,Male
206,Xiaomi Mi 11,Android,301,6.5,2084,71,1421,29,Male
207,Google Pixel 5,Android,78,1.7,455,15,207,37,Female
208,Google Pixel 5,Android,163,3.1,620,21,419,23,Male
209,OnePlus 9,Android,539,9.3,2606,92,1990,41,Male
210,Google Pixel 5,Android,278,4.6,1385,47,823,40,Female
211,Samsung Galaxy S21,Android,451,6.1,2108,76,1434,25,Female
212,Samsung Galaxy S21,Android,481,10.9,2752,86,2017,18,Male
213,Samsung Galaxy S21,Android,133,3.4,714,38,445,25,Male
214,Xiaomi Mi 11,Android,41,1.1,588,10,246,22,Male
215,iPhone 12,iOS,152,3.3,1175,29,461,42,Female
216,OnePlus 9,Android,553,8.4,2559,89,2471,51,Male
217,iPhone 12,iOS,402,6.9,2282,78,1397,40,Male
218,OnePlus 9,Android,555,9.5,2855,95,1565,24,Male
219,iPhone 12,iOS,499,9.6,2873,81,1805,52,Female
220,Xiaomi Mi 11,Android,101,3.2,603,28,417,43,Male
221,OnePlus 9,Android,433,6.8,2093,75,1300,32,Male
222,OnePlus 9,Android,133,2.0,1007,31,417,32,Male
223,Xiaomi Mi 11,Android,351,6.1,1941,79,1290,21,Female
224,Samsung Galaxy S21,Android,532,10.7,2556,83,2148,53,Female
225,OnePlus 9,Android,92,2.5,690,31,563,27,Male
226,Xiaomi Mi 11,Android,511,10.8,2712,97,2438,59,Female
227,Xiaomi Mi 11,Android,384,7.0,2185,72,1376,59,Male
228,iPhone 12,iOS,193,5.2,1318,49,626,32,Female
229,Samsung Galaxy S21,Android,132,3.8,649,25,368,41,Male
230,Samsung Galaxy S21,Android,360,7.3,1946,79,1164,50,Male
231,iPhone 12,iOS,159,2.3,1083,32,526,38,Male
232,iPhone 12,iOS,495,8.9,2855,91,2150,31,Male
233,Xiaomi Mi 11,Android,537,10.0,2720,83,1763,35,Male
234,OnePlus 9,Android,129,3.4,1059,27,580,36,Female
235,iPhone 12,iOS,132,3.8,636,28,529,53,Male
236,Xiaomi Mi 11,Android,37,1.4,369,18,295,19,Female
237,Samsung Galaxy S21,Android,524,8.9,2549,88,1730,20,Female
238,OnePlus 9,Android,425,6.9,2142,66,1130,19,Female
239,OnePlus 9,Android,64,1.7,585,13,107,53,Male
240,iPhone 12,iOS,573,10.8,2711,96,2118,33,Female
241,Google Pixel 5,Android,45,1.7,302,16,191,57,Female
242,Xiaomi Mi 11,Android,564,11.7,2764,81,2133,37,Female
243,OnePlus 9,Android,162,3.5,761,36,338,51,Male
244,Samsung Galaxy S21,Android,451,6.5,2378,69,1341,44,Male
245,OnePlus 9,Android,30,1.3,479,16,253,35,Male
246,Samsung Galaxy S21,Android,202,5.0,1542,45,844,29,Male
247,Google Pixel 5,Android,71,1.5,590,17,257,33,Male
248,Google Pixel 5,Android,314,6.2,2205,63,1066,19,Male
249,Xiaomi Mi 11,Android,168,4.0,866,22,581,50,Female
250,Google Pixel 5,Android,75,1.9,537,13,230,58,Female
251,OnePlus 9,Android,42,1.4,324,13,272,29,Female
252,OnePlus 9,Android,441,7.9,2332,78,1477,23,Female
253,Google Pixel 5,Android,523,10.5,2460,99,1787,22,Male
254,Xiaomi Mi 11,Android,100,2.4,982,31,478,48,Female
255,OnePlus 9,Android,52,1.2,398,14,172,24,Female
256,OnePlus 9,Android,397,7.0,2352,77,1101,46,Female
257,Xiaomi Mi 11,Android,424,7.7,1863,65,1116,52,Male
258,Xiaomi Mi 11,Android,272,5.0,1655,45,686,19,Female
259,Xiaomi Mi 11,Android,201,4.0,1791,50,914,18,Male
260,Xiaomi Mi 11,Android,570,9.0,2613,98,2497,49,Female
261,Xiaomi Mi 11,Android,64,1.3,490,14,151,43,Female
262,iPhone 12,iOS,334,6.6,2394,68,1227,46,Female
263,iPhone 12,iOS,518,9.6,2954,93,2125,34,Female
264,Samsung Galaxy S21,Android,70,1.7,359,10,109,57,Male
265,iPhone 12,iOS,334,6.8,2000,77,1079,40,Female
266,Xiaomi Mi 11,Android,563,8.4,2849,85,1508,25,Male
267,iPhone 12,iOS,181,4.1,1608,43,752,22,Female
268,OnePlus 9,Android,584,9.4,2766,84,2151,32,Male
269,Samsung Galaxy S21,Android,208,4.7,1642,45,861,55,Male
270,Samsung Galaxy S21,Android,381,6.6,2160,69,1450,20,Male
271,Xiaomi Mi 11,Android,426,6.5,1969,78,1266,53,Female
272,OnePlus 9,Android,284,4.2,1360,56,888,51,Male
273,Google Pixel 5,Android,105,2.2,1002,29,453,31,Female
274,Google Pixel 5,Android,179,2.3,1014,32,588,38,Male
275,iPhone 12,iOS,122,2.6,639,37,568,35,Male
276,OnePlus 9,Android,501,11.9,2702,88,1738,49,Male
277,Xiaomi Mi 11,Android,269,5.9,1666,42,629,32,Female
278,Google Pixel 5,Android,230,4.4,1607,52,878,54,Male
279,Xiaomi Mi 11,Android,85,1.6,417,12,122,47,Male
280,Samsung Galaxy S21,Android,411,7.8,2029,75,1136,33,Female
281,Samsung Galaxy S21,Android,73,1.7,403,12,163,51,Male
282,Xiaomi Mi 11,Android,39,1.7,530,11,268,26,Female
283,iPhone 12,iOS,386,7.7,2114,72,1209,51,Male
284,Google Pixel 5,Android,49,1.3,542,16,169,54,Female
285,Google Pixel 5,Android,411,6.9,1820,70,1024,43,Male
286,OnePlus 9,Android,534,10.8,2805,90,1538,37,Male
287,Samsung Galaxy S21,Android,314,7.4,2136,64,1376,47,Female
288,Xiaomi Mi 11,Android,211,4.0,1519,54,811,29,Female
289,OnePlus 9,Android,121,3.7,619,36,473,47,Male
290,Google Pixel 5,Android,84,1.2,415,10,146,50,Male
291,OnePlus 9,Android,448,7.6,2199,66,1047,28,Male
292,Google Pixel 5,Android,55,1.6,360,19,149,30,Male
293,Google Pixel 5,Android,59,1.8,497,10,208,36,Female
294,Xiaomi Mi 11,Android,226,4.5,1781,45,649,27,Female
295,Samsung Galaxy S21,Android,580,8.5,2660,87,1795,52,Male
296,OnePlus 9,Android,65,1.8,481,18,130,41,Male
297,OnePlus 9,Android,458,6.6,2214,67,1163,31,Female
298,iPhone 12,iOS,170,2.7,805,26,344,53,Female
299,iPhone 12,iOS,264,5.2,1641,44,778,44,Male
300,Xiaomi Mi 11,Android,122,3.3,748,35,499,59,Female
301,Xiaomi Mi 11,Android,420,6.5,2113,65,1314,35,Male
302,iPhone 12,iOS,267,4.4,1505,59,971,38,Female
303,iPhone 12,iOS,469,6.0,2290,67,1086,34,Female
304,iPhone 12,iOS,541,11.4,2443,89,1923,34,Female
305,iPhone 12,iOS,155,2.9,1117,22,322,19,Female
306,OnePlus 9,Android,106,2.8,686,32,594,27,Male
307,OnePlus 9,Android,243,5.0,1232,47,877,43,Male
308,OnePlus 9,Android,410,7.5,2176,68,1213,45,Female
309,iPhone 12,iOS,285,5.1,1226,57,666,20,Female
310,OnePlus 9,Android,397,6.8,2027,66,1167,40,Male
311,Samsung Galaxy S21,Android,230,4.2,1507,51,868,25,Female
312,iPhone 12,iOS,341,7.2,2397,68,1055,32,Female
313,Google Pixel 5,Android,132,2.9,1054,32,563,20,Male
314,Xiaomi Mi 11,Android,130,3.0,820,21,308,49,Female
315,iPhone 12,iOS,281,4.9,1566,59,632,29,Male
316,OnePlus 9,Android,74,2.0,320,11,103,55,Female
317,OnePlus 9,Android,299,4.3,1737,43,953,42,Female
318,Google Pixel 5,Android,116,2.2,827,29,434,28,Female
319,OnePlus 9,Android,408,6.6,2026,63,1076,47,Female
320,Google Pixel 5,Android,508,11.3,2590,81,2481,51,Male
321,iPhone 12,iOS,227,4.4,1275,56,984,22,Female
322,Google Pixel 5,Android,274,6.0,1489,56,666,57,Female
323,Google Pixel 5,Android,347,6.3,2001,61,1456,21,Female
324,Xiaomi Mi 11,Android,76,1.3,490,14,156,31,Female
325,iPhone 12,iOS,445,7.5,2007,78,1115,23,Male
326,OnePlus 9,Android,203,4.3,1554,54,638,25,Female
327,Samsung Galaxy S21,Android,199,6.0,1707,57,881,55,Male
328,OnePlus 9,Android,48,2.0,574,18,127,24,Female
329,OnePlus 9,Android,88,1.6,420,12,274,31,Female
330,iPhone 12,iOS,541,8.3,2865,89,1820,42,Female
331,Google Pixel 5,Android,233,4.6,1534,49,796,21,Female
332,iPhone 12,iOS,176,3.8,727,36,362,47,Female
333,OnePlus 9,Android,191,6.0,1762,45,904,54,Male
334,Google Pixel 5,Android,461,7.5,2001,69,1324,34,Female
335,Samsung Galaxy S21,Android,37,1.5,375,18,246,46,Female
336,OnePlus 9,Android,531,9.8,2905,99,1632,45,Female
337,Samsung Galaxy S21,Android,473,7.9,2292,62,1472,44,Male
338,Samsung Galaxy S21,Android,30,1.3,561,15,252,34,Male
339,iPhone 12,iOS,306,6.1,2267,70,1449,46,Male
340,iPhone 12,iOS,64,1.2,590,13,155,30,Male
341,iPhone 12,iOS,75,1.0,435,13,223,43,Male
342,iPhone 12,iOS,597,10.3,2718,90,1863,26,Female
343,iPhone 12,iOS,529,10.5,2971,87,1683,56,Male
344,iPhone 12,iOS,290,6.0,1533,54,645,57,Female
345,iPhone 12,iOS,256,5.8,1309,52,840,43,Male
346,iPhone 12,iOS,308,7.7,1974,73,1431,37,Female
347,OnePlus 9,Android,156,3.3,1020,38,447,57,Female
348,Samsung Galaxy S21,Android,62,1.4,542,18,266,46,Male
349,Google Pixel 5,Android,156,3.8,866,34,510,26,Male
350,Samsung Galaxy S21,Android,303,7.4,2314,66,1387,34,Male
351,Samsung Galaxy S21,Android,463,6.9,2111,73,1463,54,Male
352,Google Pixel 5,Android,60,1.5,593,14,281,35,Female
353,Google Pixel 5,Android,225,4.6,1230,52,954,20,Female
354,Samsung Galaxy S21,Android,379,7.5,1823,68,1075,53,Female
355,OnePlus 9,Android,53,1.4,455,14,106,54,Female
356,Samsung Galaxy S21,Android,30,1.9,574,19,287,45,Male
357,iPhone 12,iOS,291,4.1,1326,51,905,55,Female
358,iPhone 12,iOS,488,9.5,2840,92,1986,48,Female
359,Google Pixel 5,Android,74,2.0,366,13,253,44,Female
360,Samsung Galaxy S21,Android,230,4.6,1325,55,845,54,Female
361,Samsung Galaxy S21,Android,517,11.8,2435,86,2208,26,Male
362,OnePlus 9,Android,557,10.4,2900,97,1609,22,Male
363,Xiaomi Mi 11,Android,78,1.5,341,11,259,38,Female
364,iPhone 12,iOS,321,7.9,2159,64,1499,45,Male
365,Xiaomi Mi 11,Android,579,8.6,2539,84,1935,34,Male
366,OnePlus 9,Android,382,7.2,1965,67,1341,22,Male
367,Xiaomi Mi 11,Android,516,11.6,2464,82,1767,29,Female
368,OnePlus 9,Android,598,11.2,2876,85,2477,58,Female
369,OnePlus 9,Android,102,3.9,747,36,408,49,Female
370,iPhone 12,iOS,165,2.4,816,35,503,34,Male
371,iPhone 12,iOS,558,9.8,2765,83,1548,25,Female
372,Google Pixel 5,Android,561,10.6,2547,86,1823,22,Male
373,Samsung Galaxy S21,Android,511,10.9,2514,91,2335,59,Female
374,Google Pixel 5,Android,560,11.3,2947,95,1663,25,Female
375,OnePlus 9,Android,69,1.3,434,12,164,42,Male
376,OnePlus 9,Android,44,1.1,531,17,232,26,Male
377,iPhone 12,iOS,65,1.7,490,17,122,51,Female
378,Google Pixel 5,Android,458,6.0,1875,63,1072,31,Female
379,Samsung Galaxy S21,Android,525,10.8,2445,99,1623,57,Male
380,OnePlus 9,Android,106,3.0,922,22,313,51,Male
381,iPhone 12,iOS,188,4.6,1767,47,653,34,Male
382,iPhone 12,iOS,493,10.4,2453,99,1813,39,Male
383,OnePlus 9,Android,84,1.5,373,19,299,37,Female
384,OnePlus 9,Android,104,2.9,653,35,322,30,Male
385,Samsung Galaxy S21,Android,102,3.0,890,38,548,28,Male
386,iPhone 12,iOS,349,6.6,2041,78,1096,40,Female
387,OnePlus 9,Android,98,2.0,925,32,457,28,Male
388,Samsung Galaxy S21,Android,72,1.3,461,13,199,32,Male
389,Xiaomi Mi 11,Android,563,11.6,2968,92,2191,34,Female
390,Xiaomi Mi 11,Android,119,2.8,775,31,313,50,Female
391,OnePlus 9,Android,311,7.9,2231,69,1021,36,Male
392,OnePlus 9,Android,337,6.1,1901,76,1359,58,Male
393,Samsung Galaxy S21,Android,168,3.5,1055,29,313,54,Male
394,iPhone 12,iOS,331,7.4,2129,66,1459,53,Male
395,Google Pixel 5,Android,589,9.2,2663,84,1774,45,Female
396,Xiaomi Mi 11,Android,472,6.8,2288,61,1356,52,Male
397,Xiaomi Mi 11,Android,78,1.1,437,14,143,27,Female
398,iPhone 12,iOS,517,11.6,2798,90,2175,20,Male
399,OnePlus 9,Android,41,1.6,323,18,221,43,Female
400,OnePlus 9,Android,49,1.5,571,10,203,29,Male
401,Xiaomi Mi 11,Android,522,11.1,2821,86,1891,42,Male
402,Google Pixel 5,Android,97,2.7,612,36,508,53,Male
403,iPhone 12,iOS,411,7.4,1960,71,1264,40,Male
404,Samsung Galaxy S21,Android,566,8.6,2595,89,1657,51,Female
405,iPhone 12,iOS,559,8.2,2618,84,2102,22,Female
406,Google Pixel 5,Android,478,7.3,2340,69,1017,43,Female
407,Xiaomi Mi 11,Android,147,3.2,994,33,567,25,Female
408,OnePlus 9,Android,395,7.3,2291,61,1049,55,Female
409,Samsung Galaxy S21,Android,357,7.8,2289,74,1242,22,Female
410,Google Pixel 5,Android,405,6.9,2366,61,1434,51,Male
411,Samsung Galaxy S21,Android,501,11.8,2790,86,2074,31,Female
412,Xiaomi Mi 11,Android,575,8.2,2918,88,1928,50,Male
413,OnePlus 9,Android,257,5.1,1692,46,769,52,Female
414,iPhone 12,iOS,270,5.0,1532,51,957,35,Male
415,Google Pixel 5,Android,116,2.0,1171,22,573,33,Female
416,iPhone 12,iOS,98,2.3,608,24,394,56,Male
417,Xiaomi Mi 11,Android,264,5.1,1293,52,737,27,Female
418,Samsung Galaxy S21,Android,572,11.7,2655,91,2481,57,Female
419,Xiaomi Mi 11,Android,202,4.9,1549,43,964,27,Female
420,iPhone 12,iOS,83,1.4,454,11,228,46,Male
421,iPhone 12,iOS,32,1.4,416,12,198,56,Male
422,iPhone 12,iOS,168,3.2,716,38,414,43,Male
423,iPhone 12,iOS,416,6.1,2115,71,1041,22,Female
424,Xiaomi Mi 11,Android,46,1.1,536,18,167,28,Female
425,OnePlus 9,Android,201,5.0,1482,59,709,24,Male
426,Samsung Galaxy S21,Android,130,2.8,1062,24,579,37,Male
427,OnePlus 9,Android,98,2.4,747,36,403,44,Female
428,OnePlus 9,Android,105,3.8,967,28,489,51,Male
429,Xiaomi Mi 11,Android,94,2.3,1033,33,369,58,Male
430,Xiaomi Mi 11,Android,540,10.1,2757,90,2180,37,Male
431,iPhone 12,iOS,266,5.5,1238,59,839,22,Male
432,iPhone 12,iOS,140,3.8,1137,36,506,53,Male
433,Google Pixel 5,Android,534,10.4,2672,90,1702,51,Male
434,OnePlus 9,Android,46,2.0,309,15,116,42,Male
435,iPhone 12,iOS,581,8.4,2591,99,2304,58,Male
436,Xiaomi Mi 11,Android,105,3.4,798,21,467,34,Female
437,OnePlus 9,Android,221,4.4,1341,46,862,20,Male
438,iPhone 12,iOS,41,1.7,408,16,291,34,Male
439,OnePlus 9,Android,105,3.0,728,24,343,52,Female
440,Google Pixel 5,Android,123,3.9,915,39,468,18,Male
441,Google Pixel 5,Android,260,5.7,1725,56,920,36,Female
442,Samsung Galaxy S21,Android,223,5.7,1295,44,751,39,Male
443,Google Pixel 5,Android,66,1.1,505,17,218,33,Male
444,iPhone 12,iOS,231,4.0,1664,48,724,29,Female
445,iPhone 12,iOS,555,8.8,2540,97,2402,22,Male
446,Samsung Galaxy S21,Android,378,7.2,1859,61,1318,58,Male
447,OnePlus 9,Android,546,8.8,2852,81,1641,24,Male
448,Samsung Galaxy S21,Android,234,5.2,1604,58,919,58,Male
449,Samsung Galaxy S21,Android,152,3.0,617,22,306,22,Female
450,Google Pixel 5,Android,34,1.2,518,10,170,20,Female
451,Samsung Galaxy S21,Android,179,3.5,1114,30,466,56,Male
452,OnePlus 9,Android,591,11.8,2953,92,1903,52,Male
453,Samsung Galaxy S21,Android,120,3.3,734,35,583,26,Male
454,Google Pixel 5,Android,88,1.3,557,13,164,43,Male
455,iPhone 12,iOS,143,3.9,1160,24,398,45,Male
456,iPhone 12,iOS,74,1.6,436,13,182,27,Female
457,iPhone 12,iOS,74,1.6,587,15,275,27,Female
458,OnePlus 9,Android,234,4.7,1707,55,871,46,Male
459,iPhone 12,iOS,56,1.0,547,10,142,58,Female
460,OnePlus 9,Android,174,2.4,639,37,545,50,Male
461,Samsung Galaxy S21,Android,523,9.0,2696,91,1561,20,Female
462,Samsung Galaxy S21,Android,123,3.3,938,36,438,55,Male
463,Samsung Galaxy S21,Android,216,5.9,1789,54,987,55,Male
464,iPhone 12,iOS,290,4.6,1694,50,809,23,Male
465,Xiaomi Mi 11,Android,68,1.3,583,10,281,26,Female
466,OnePlus 9,Android,265,4.8,1770,51,723,55,Female
467,Samsung Galaxy S21,Android,414,7.3,2349,75,1092,51,Male
468,Google Pixel 5,Android,238,4.0,1414,47,661,41,Female
469,Xiaomi Mi 11,Android,429,7.5,1921,61,1102,46,Male
470,Xiaomi Mi 11,Android,39,1.9,541,16,294,37,Male
471,Samsung Galaxy S21,Android,248,4.6,1396,52,883,40,Male
472,Xiaomi Mi 11,Android,541,9.4,2452,93,1811,53,Female
473,Xiaomi Mi 11,Android,139,3.0,697,37,513,26,Female
474,iPhone 12,iOS,289,5.0,1625,45,687,29,Male
475,Xiaomi Mi 11,Android,210,4.9,1657,55,765,49,Female
476,Samsung Galaxy S21,Android,412,6.2,2201,68,1085,54,Female
477,Google Pixel 5,Android,318,6.6,2089,77,1126,49,Female
478,iPhone 12,iOS,258,4.2,1315,44,762,59,Female
479,OnePlus 9,Android,258,4.3,1759,59,718,41,Female
480,Samsung Galaxy S21,Android,189,4.8,1681,59,795,57,Male
481,iPhone 12,iOS,155,2.4,954,39,441,51,Male
482,Samsung Galaxy S21,Android,528,10.4,2717,87,2140,34,Male
483,iPhone 12,iOS,549,11.1,2851,87,1814,56,Male
484,Xiaomi Mi 11,Android,78,1.6,470,18,230,49,Female
485,iPhone 12,iOS,444,6.0,1873,61,1093,39,Female
486,Xiaomi Mi 11,Android,80,1.1,417,18,298,36,Male
487,iPhone 12,iOS,131,3.8,739,34,330,57,Female
488,iPhone 12,iOS,228,4.4,1734,46,804,57,Female
489,Xiaomi Mi 11,Android,416,7.3,1882,62,1333,32,Female
490,Google Pixel 5,Android,586,9.3,2403,94,2332,21,Male
491,Google Pixel 5,Android,416,6.1,2279,71,1096,47,Male
492,iPhone 12,iOS,152,3.7,948,22,507,53,Female
493,Xiaomi Mi 11,Android,87,1.5,594,19,198,36,Female
494,OnePlus 9,Android,329,6.8,1892,69,1383,23,Male
495,Samsung Galaxy S21,Android,107,2.5,1176,24,545,29,Female
496,Google Pixel 5,Android,493,10.9,2928,88,2116,57,Male
497,iPhone 12,iOS,182,4.8,1500,51,807,43,Female
498,iPhone 12,iOS,102,2.9,918,37,362,20,Female
499,Google Pixel 5,Android,274,4.5,1356,54,869,53,Male
500,iPhone 12,iOS,143,3.6,988,26,504,45,Female
501,Google Pixel 5,Android,66,1.3,369,14,195,32,Male
502,Xiaomi Mi 11,Android,420,7.7,2017,74,1187,24,Female
503,Xiaomi Mi 11,Android,582,8.4,2664,91,2493,55,Female
504,Google Pixel 5,Android,200,5.8,1291,50,965,52,Male
505,Google Pixel 5,Android,493,8.5,2859,99,2450,47,Male
506,Samsung Galaxy S21,Android,348,6.6,2398,66,1415,49,Female
507,Xiaomi Mi 11,Android,238,5.1,1408,45,941,27,Male
508,Xiaomi Mi 11,Android,33,2.0,318,11,173,42,Female
509,Google Pixel 5,Android,267,5.9,1740,45,791,22,Male
510,iPhone 12,iOS,492,10.0,2513,90,1968,31,Male
511,Google Pixel 5,Android,241,5.3,1767,58,976,38,Female
512,Samsung Galaxy S21,Android,567,10.8,2911,89,1682,39,Male
513,Samsung Galaxy S21,Android,36,1.6,442,17,249,34,Male
514,OnePlus 9,Android,110,3.4,975,31,507,57,Female
515,Samsung Galaxy S21,Android,466,7.1,1984,73,1461,54,Male
516,OnePlus 9,Android,126,2.2,1187,28,599,25,Male
517,Xiaomi Mi 11,Android,120,3.8,940,36,535,44,Male
518,iPhone 12,iOS,64,1.2,592,19,218,25,Male
519,OnePlus 9,Android,574,8.5,2780,87,1809,34,Female
520,OnePlus 9,Android,119,2.2,1123,22,371,51,Male
521,OnePlus 9,Android,350,6.5,2364,75,1485,20,Male
522,Google Pixel 5,Android,69,1.1,535,17,250,25,Male
523,Xiaomi Mi 11,Android,438,6.5,1849,64,1125,49,Female
524,Samsung Galaxy S21,Android,506,11.2,2623,98,2460,48,Male
525,Samsung Galaxy S21,Android,272,5.2,1390,45,792,57,Female
526,Samsung Galaxy S21,Android,224,4.5,1646,57,665,59,Male
527,Google Pixel 5,Android,99,2.4,689,36,318,29,Female
528,iPhone 12,iOS,44,1.2,466,10,131,57,Female
529,Google Pixel 5,Android,175,3.0,801,32,338,24,Male
530,Google Pixel 5,Android,228,4.8,1639,47,796,42,Female
531,Xiaomi Mi 11,Android,589,11.8,2629,86,2479,43,Female
532,OnePlus 9,Android,339,7.9,1987,66,1191,47,Male
533,iPhone 12,iOS,431,6.4,2206,66,1200,23,Female
534,Xiaomi Mi 11,Android,190,4.7,1276,57,915,22,Female
535,OnePlus 9,Android,389,6.1,2087,67,1383,30,Male
536,Samsung Galaxy S21,Android,139,3.3,937,24,573,25,Female
537,Samsung Galaxy S21,Android,289,5.9,1528,48,915,30,Male
538,Samsung Galaxy S21,Android,593,11.1,2672,82,2258,34,Female
539,Google Pixel 5,Android,576,9.5,2638,98,2281,38,Female
540,OnePlus 9,Android,592,9.4,2867,95,1701,27,Female
541,iPhone 12,iOS,567,10.5,2817,89,2194,52,Male
542,iPhone 12,iOS,170,2.5,740,21,537,25,Female
543,Google Pixel 5,Android,242,5.4,1307,48,642,28,Male
544,Samsung Galaxy S21,Android,275,5.5,1616,48,656,55,Male
545,Google Pixel 5,Android,544,9.7,2633,97,1727,28,Female
546,OnePlus 9,Android,50,2.0,362,17,182,34,Female
547,OnePlus 9,Android,236,4.6,1750,45,971,21,Female
548,iPhone 12,iOS,139,2.6,658,33,358,58,Female
549,Google Pixel 5,Android,383,6.6,2155,74,1360,45,Male
550,Samsung Galaxy S21,Android,172,4.0,1047,32,508,21,Female
551,Xiaomi Mi 11,Android,455,6.2,1984,72,1287,42,Male
552,Samsung Galaxy S21,Android,157,2.5,1110,30,373,37,Female
553,iPhone 12,iOS,173,3.8,605,23,583,32,Male
554,Samsung Galaxy S21,Android,405,7.3,2082,75,1162,37,Female
555,iPhone 12,iOS,387,6.6,2168,61,1246,19,Female
556,Xiaomi Mi 11,Android,201,4.9,1633,41,972,32,Female
557,iPhone 12,iOS,142,3.5,625,25,370,40,Female
558,Samsung Galaxy S21,Android,198,4.2,1392,43,640,27,Male
559,Google Pixel 5,Android,361,7.6,2037,65,1056,55,Male
560,OnePlus 9,Android,553,11.6,2914,81,1860,47,Male
561,Samsung Galaxy S21,Android,408,6.2,2245,69,1103,38,Female
562,Xiaomi Mi 11,Android,121,2.1,1188,21,578,18,Male
563,Google Pixel 5,Android,71,1.4,508,15,265,33,Female
564,iPhone 12,iOS,46,1.6,440,10,265,31,Male
565,Xiaomi Mi 11,Android,290,4.4,1272,55,910,44,Male
566,Samsung Galaxy S21,Android,60,1.3,462,15,296,40,Male
567,Google Pixel 5,Android,116,3.9,1132,26,498,35,Female
568,OnePlus 9,Android,86,1.7,312,16,227,32,Male
569,Google Pixel 5,Android,291,5.3,1537,43,700,49,Female
570,Google Pixel 5,Android,404,6.6,2181,77,1327,18,Male
571,OnePlus 9,Android,441,7.1,1928,74,1421,57,Male
572,Google Pixel 5,Android,444,6.1,2229,73,1194,25,Female
573,OnePlus 9,Android,211,5.9,1757,42,864,56,Female
574,Samsung Galaxy S21,Android,537,9.1,2858,86,2158,22,Male
575,Xiaomi Mi 11,Android,519,10.9,2571,93,2163,47,Female
576,Samsung Galaxy S21,Android,94,3.5,606,30,446,49,Male
577,Google Pixel 5,Android,554,10.3,2776,83,1606,34,Female
578,iPhone 12,iOS,381,7.5,2216,66,1291,37,Female
579,OnePlus 9,Android,257,6.0,1715,49,916,40,Female
580,Samsung Galaxy S21,Android,47,1.1,532,18,122,36,Male
581,iPhone 12,iOS,527,10.0,2430,82,1737,27,Female
582,Samsung Galaxy S21,Android,148,2.7,625,34,416,27,Male
583,iPhone 12,iOS,191,5.7,1414,53,991,19,Female
584,Google Pixel 5,Android,71,1.9,571,10,117,43,Female
585,OnePlus 9,Android,73,1.3,538,19,175,30,Female
586,OnePlus 9,Android,149,3.1,1191,28,563,29,Male
587,Xiaomi Mi 11,Android,197,4.4,1665,44,608,43,Female
588,Samsung Galaxy S21,Android,328,6.1,1975,72,1101,24,Male
589,OnePlus 9,Android,424,7.5,1995,75,1228,36,Male
590,Samsung Galaxy S21,Android,111,3.6,627,26,464,39,Female
591,Samsung Galaxy S21,Android,159,3.7,630,33,575,30,Male
592,Google Pixel 5,Android,580,11.5,2767,84,2341,36,Female
593,Samsung Galaxy S21,Android,379,7.7,1809,64,1050,22,Female
594,Samsung Galaxy S21,Android,217,4.2,1500,42,677,26,Female
595,Xiaomi Mi 11,Android,447,6.3,1959,63,1441,48,Male
596,OnePlus 9,Android,512,10.5,2538,82,1694,41,Male
597,Xiaomi Mi 11,Android,511,10.8,2529,91,2387,21,Male
598,OnePlus 9,Android,140,2.5,825,31,347,59,Male
599,Samsung Galaxy S21,Android,114,3.0,1131,31,596,28,Male
600,Samsung Galaxy S21,Android,192,4.3,1382,42,905,47,Female
601,iPhone 12,iOS,325,6.0,2244,70,1296,30,Female
602,OnePlus 9,Android,83,1.2,545,15,284,44,Male
603,OnePlus 9,Android,122,3.0,922,32,373,43,Male
604,OnePlus 9,Android,138,2.1,660,22,424,41,Female
605,OnePlus 9,Android,182,5.3,1278,42,885,54,Female
606,OnePlus 9,Android,425,6.0,1928,72,1150,53,Female
607,OnePlus 9,Android,580,10.4,2496,81,2441,37,Female
608,Xiaomi Mi 11,Android,203,4.0,1323,56,787,21,Male
609,Xiaomi Mi 11,Android,258,4.9,1596,56,937,40,Female
610,iPhone 12,iOS,551,8.5,2927,92,1901,51,Male
611,iPhone 12,iOS,507,9.6,2606,95,1543,48,Male
612,Xiaomi Mi 11,Android,57,1.3,489,16,131,37,Male
613,Xiaomi Mi 11,Android,553,10.2,2911,82,2441,44,Male
614,Google Pixel 5,Android,49,1.1,395,16,153,46,Female
615,Samsung Galaxy S21,Android,106,4.0,1158,23,493,18,Male
616,Google Pixel 5,Android,119,3.7,608,36,461,52,Male
617,OnePlus 9,Android,288,5.4,1476,49,767,36,Female
618,Google Pixel 5,Android,225,5.6,1388,55,965,36,Female
619,OnePlus 9,Android,342,7.0,1826,71,1077,26,Female
620,Samsung Galaxy S21,Android,292,4.2,1407,54,867,59,Male
621,iPhone 12,iOS,218,5.0,1475,46,972,59,Female
622,Google Pixel 5,Android,64,1.8,351,15,274,56,Male
623,Xiaomi Mi 11,Android,453,7.4,2363,65,1046,41,Female
624,OnePlus 9,Android,42,1.8,417,15,284,21,Male
625,Samsung Galaxy S21,Android,36,1.5,310,15,272,45,Male
626,OnePlus 9,Android,55,1.8,328,12,196,31,Female
627,iPhone 12,iOS,210,5.0,1614,53,679,55,Female
628,iPhone 12,iOS,227,5.2,1446,46,920,59,Male
629,Xiaomi Mi 11,Android,47,1.2,437,18,234,55,Male
630,iPhone 12,iOS,461,6.3,1988,62,1004,21,Male
631,Google Pixel 5,Android,94,3.1,1078,38,489,25,Male
632,Samsung Galaxy S21,Android,216,5.1,1483,54,977,45,Female
633,iPhone 12,iOS,496,10.2,2587,84,1921,56,Female
634,OnePlus 9,Android,138,3.2,1142,31,366,29,Female
635,iPhone 12,iOS,318,6.6,2055,67,1253,43,Male
636,Samsung Galaxy S21,Android,96,3.4,1198,39,401,48,Female
637,OnePlus 9,Android,510,10.7,2433,90,1729,47,Male
638,Xiaomi Mi 11,Android,83,1.1,546,10,289,32,Female
639,Google Pixel 5,Android,417,6.2,2074,63,1135,35,Female
640,Google Pixel 5,Android,538,9.8,2778,91,2080,35,Female
641,Samsung Galaxy S21,Android,63,1.8,321,11,271,42,Male
642,OnePlus 9,Android,50,1.4,443,16,255,26,Female
643,Google Pixel 5,Android,502,8.2,2597,90,1553,27,Male
644,OnePlus 9,Android,105,3.3,723,35,566,46,Male
645,Google Pixel 5,Android,186,4.8,1494,53,949,20,Female
646,Xiaomi Mi 11,Android,174,2.9,1197,23,345,20,Female
647,Samsung Galaxy S21,Android,89,1.3,314,16,201,58,Female
648,iPhone 12,iOS,66,1.5,565,17,283,42,Female
649,iPhone 12,iOS,389,6.3,2294,76,1334,53,Male
650,Xiaomi Mi 11,Android,186,5.4,1627,58,790,31,Female
651,Google Pixel 5,Android,149,2.0,1041,39,356,49,Male
652,iPhone 12,iOS,69,1.7,519,10,167,51,Female
653,Xiaomi Mi 11,Android,206,5.2,1632,47,694,30,Male
654,Samsung Galaxy S21,Android,49,1.2,365,19,144,29,Male
655,Google Pixel 5,Android,594,10.5,2839,91,1647,56,Male
656,Google Pixel 5,Android,104,3.7,1028,29,493,39,Male
657,Google Pixel 5,Android,262,5.6,1489,59,628,54,Female
658,Xiaomi Mi 11,Android,278,5.3,1368,56,894,40,Female
659,Xiaomi Mi 11,Android,463,6.8,2358,68,1236,43,Female
660,Xiaomi Mi 11,Android,505,9.6,2464,91,2375,35,Male
661,Google Pixel 5,Android,50,1.5,387,12,146,59,Male
662,Xiaomi Mi 11,Android,138,3.1,947,29,545,48,Male
663,Xiaomi Mi 11,Android,130,3.2,1189,37,448,45,Male
664,Google Pixel 5,Android,469,6.4,1858,78,1297,55,Female
665,Xiaomi Mi 11,Android,555,10.3,2568,83,2003,52,Male
666,iPhone 12,iOS,198,5.4,1544,53,635,53,Male
667,Samsung Galaxy S21,Android,529,11.4,2891,82,1845,46,Male
668,Samsung Galaxy S21,Android,205,5.5,1699,49,729,36,Male
669,iPhone 12,iOS,170,2.4,1039,38,334,23,Male
670,Samsung Galaxy S21,Android,160,3.2,648,31,339,27,Female
671,iPhone 12,iOS,81,1.6,387,13,224,48,Male
672,Google Pixel 5,Android,468,7.3,1937,64,1209,22,Male
673,Xiaomi Mi 11,Android,500,11.2,2925,84,2438,27,Male
674,Google Pixel 5,Android,37,1.6,490,18,216,52,Male
675,Xiaomi Mi 11,Android,522,11.4,2776,93,1768,27,Female
676,Xiaomi Mi 11,Android,81,1.5,545,17,159,40,Male
677,OnePlus 9,Android,141,3.8,689,38,576,34,Male
678,Samsung Galaxy S21,Android,115,3.5,706,26,495,52,Female
679,Google Pixel 5,Android,298,4.6,1525,59,814,36,Female
680,iPhone 12,iOS,33,1.8,334,16,113,36,Female
681,Google Pixel 5,Android,307,6.1,2105,76,1111,25,Female
682,Xiaomi Mi 11,Android,380,7.6,2354,77,1191,30,Male
683,Xiaomi Mi 11,Android,190,5.5,1718,58,815,42,Male
684,Samsung Galaxy S21,Android,75,1.6,325,12,225,45,Male
685,Google Pixel 5,Android,218,4.0,1221,47,822,25,Male
686,Xiaomi Mi 11,Android,412,6.6,1859,67,1393,18,Male
687,Google Pixel 5,Android,335,7.7,2037,68,1007,18,Male
688,OnePlus 9,Android,387,6.3,2098,61,1178,54,Male
689,Google Pixel 5,Android,261,4.9,1589,56,824,52,Female
690,Samsung Galaxy S21,Android,541,9.5,2424,98,1550,32,Male
691,Google Pixel 5,Android,195,5.7,1447,48,679,30,Male
692,iPhone 12,iOS,178,4.0,856,37,569,51,Female
693,Xiaomi Mi 11,Android,378,6.7,1898,78,1455,48,Female
694,Xiaomi Mi 11,Android,505,8.6,2792,82,1709,31,Male
695,Samsung Galaxy S21,Android,564,9.7,2422,83,1985,34,Female
696,iPhone 12,iOS,92,3.9,1082,26,381,22,Male
697,Xiaomi Mi 11,Android,316,6.8,1965,68,1201,59,Male
698,Google Pixel 5,Android,99,3.1,942,22,457,50,Female
699,Samsung Galaxy S21,Android,62,1.7,431,13,224,44,Male
700,OnePlus 9,Android,212,5.4,1306,49,828,23,Female
701,Xiaomi Mi 11,iOS,217,7.68,2270,98,1249,25,Male
702,iPhone 12,iOS,121,7.18,2518,40,1373,31,Female
703,iPhone 12,Android,484,10.44,2229,20,1933,35,Male
704,Samsung Galaxy S21,Android,201,1.87,478,96,1768,19,Female
705,Xiaomi Mi 11,Android,182,6.87,1378,71,1974,34,Male
706,iPhone 12,iOS,404,7.69,1696,96,1141,30,Female
707,Samsung Galaxy S21,Android,508,11.48,1033,46,986,18,Female
708,Samsung Galaxy S21,iOS,569,8.59,379,59,1579,44,Male
709,iPhone 12,iOS,278,10.99,1196,13,2149,22,Male
710,iPhone 12,iOS,588,7.71,854,60,407,36,Female
711,OnePlus 9,Android,359,5.47,2720,89,780,57,Female
712,Google Pixel 5,Android,137,3.4,1349,29,1893,34,Male
713,Google Pixel 5,iOS,486,8.64,1916,32,457,37,Female
714,Google Pixel 5,Android,544,6.24,2360,73,553,40,Female
715,iPhone 12,Android,590,11.3,2655,73,205,21,Female
716,Xiaomi Mi 11,iOS,571,10.05,2544,92,2089,47,Female
717,OnePlus 9,iOS,54,9.43,761,48,598,50,Female
718,Xiaomi Mi 11,iOS,31,9.47,432,57,670,55,Male
719,iPhone 12,iOS,553,5.36,2595,48,1040,45,Female
720,OnePlus 9,iOS,354,9.34,333,52,1443,32,Male
721,Xiaomi Mi 11,Android,230,5.61,1503,38,1519,22,Female
722,iPhone 12,Android,177,6.41,556,20,738,54,Female
723,OnePlus 9,iOS,465,2.18,2276,53,512,43,Male
724,OnePlus 9,Android,569,2.09,751,97,925,23,Male
725,Samsung Galaxy S21,Android,276,5.57,642,76,2295,20,Male
726,Xiaomi Mi 11,iOS,77,8.4,393,39,1768,45,Female
727,iPhone 12,Android,592,11.83,1371,25,2069,50,Male
728,OnePlus 9,iOS,440,1.49,2019,29,750,36,Female
729,iPhone 12,iOS,155,6.45,1947,66,798,39,Male
730,Google Pixel 5,iOS,578,8.22,2434,99,2452,41,Female
731,iPhone 12,iOS,322,9.29,1809,30,895,33,Male
732,Xiaomi Mi 11,Android,532,1.47,1637,84,922,54,Male
733,Google Pixel 5,iOS,349,1.63,864,47,1160,25,Male
734,Samsung Galaxy S21,iOS,427,1.48,2843,64,318,32,Male
735,Xiaomi Mi 11,Android,85,4.61,1662,33,979,48,Male
736,OnePlus 9,iOS,335,7.43,2126,94,1302,28,Male
737,Samsung Galaxy S21,Android,563,5.61,2140,68,2254,40,Female
738,Xiaomi Mi 11,iOS,478,3.19,2765,61,2105,39,Male
739,Google Pixel 5,Android,88,10.82,2242,87,2229,51,Male
740,OnePlus 9,Android,433,5.85,613,99,437,23,Male
741,Xiaomi Mi 11,iOS,441,8.72,1330,30,2107,40,Male
742,Google Pixel 5,iOS,468,5.82,1867,75,305,51,Female
743,OnePlus 9,Android,537,10.61,1888,81,1944,22,Male
744,Samsung Galaxy S21,Android,499,8.2,2402,34,110,34,Male
745,OnePlus 9,Android,247,6.49,1396,39,2340,25,Female
746,Xiaomi Mi 11,iOS,534,10.48,2614,77,840,37,Male
747,Google Pixel 5,iOS,61,6.47,1405,79,524,40,Male
748,Google Pixel 5,iOS,209,3.33,2756,67,1752,19,Male
749,iPhone 12,iOS,451,10.37,1408,25,1730,50,Male
750,OnePlus 9,iOS,469,10.34,1159,19,738,30,Female
751,Xiaomi Mi 11,Android,75,1.13,919,86,1886,42,Female
752,Google Pixel 5,iOS,272,5.31,2504,36,2457,20,Female
753,Google Pixel 5,iOS,464,2.31,1334,53,2297,47,Female
754,Samsung Galaxy S21,Android,302,10.5,1967,78,829,30,Male
755,iPhone 12,iOS,100,10.74,1964,53,793,57,Female
756,Samsung Galaxy S21,Android,46,11.57,1600,24,539,27,Female
757,Xiaomi Mi 11,iOS,45,2.73,819,21,450,19,Female
758,Xiaomi Mi 11,Android,206,9.51,1297,63,2304,21,Male
759,iPhone 12,Android,34,4.64,1693,73,125,43,Male
760,Samsung Galaxy S21,Android,70,7.06,2911,15,2040,31,Male
761,OnePlus 9,Android,236,6.46,514,34,1438,50,Male
762,iPhone 12,Android,152,8.57,2578,19,1674,58,Female
763,Xiaomi Mi 11,Android,512,4.88,2949,99,1916,33,Male
764,iPhone 12,Android,216,4.39,823,59,1202,57,Male
765,Xiaomi Mi 11,iOS,72,7.36,381,40,2076,27,Female
766,iPhone 12,Android,479,10.71,824,85,2387,36,Male
767,Google Pixel 5,iOS,585,6.34,1582,83,1958,55,Female
768,Samsung Galaxy S21,Android,60,7.68,1140,84,1747,21,Male
769,Google Pixel 5,iOS,562,8.47,1140,39,1081,20,Female
770,iPhone 12,Android,114,5.23,1395,60,1021,27,Female
771,Samsung Galaxy S21,Android,368,10.1,1333,47,1239,18,Male
772,Google Pixel 5,Android,250,6.75,2140,50,377,25,Male
773,Xiaomi Mi 11,iOS,502,10.43,411,47,2482,47,Female
774,Xiaomi Mi 11,iOS,242,6.07,1646,93,552,31,Male
775,OnePlus 9,Android,491,2.18,769,99,1027,38,Male
776,Google Pixel 5,Android,102,6.96,1567,66,1085,23,Female
777,Google Pixel 5,Android,521,9.15,2025,34,217,36,Male
778,Google Pixel 5,iOS,598,11.23,1949,20,231,54,Male
779,iPhone 12,Android,187,7.13,1532,20,1714,29,Male
780,Samsung Galaxy S21,Android,157,10.09,2115,21,2103,42,Female
781,Samsung Galaxy S21,Android,281,10.0,1638,77,701,39,Male
782,Google Pixel 5,iOS,197,3.2,666,20,1819,19,Female
783,Samsung Galaxy S21,Android,35,7.87,374,83,1739,20,Female
784,Google Pixel 5,iOS,76,2.62,2175,40,1940,33,Female
785,Xiaomi Mi 11,iOS,315,2.0,551,40,1886,24,Male
786,Samsung Galaxy S21,Android,461,3.11,2638,21,762,28,Male
787,Xiaomi Mi 11,iOS,208,4.45,342,52,2025,48,Female
788,Google Pixel 5,iOS,525,9.89,1820,24,1352,36,Male
789,Xiaomi Mi 11,iOS,476,8.3,2222,68,1043,52,Male
790,iPhone 12,iOS,286,3.03,2718,96,1557,29,Male
791,OnePlus 9,Android,149,2.02,1367,60,1768,53,Male
792,Xiaomi Mi 11,iOS,512,7.2,2023,86,1732,32,Male
793,Samsung Galaxy S21,Android,150,4.57,1226,90,2131,26,Female
794,OnePlus 9,Android,251,1.56,1814,15,2159,24,Female
795,iPhone 12,iOS,72,9.22,1291,25,869,48,Female
796,Xiaomi Mi 11,iOS,99,6.61,1169,47,1500,30,Female
797,iPhone 12,iOS,307,11.93,1137,89,974,46,Female
798,iPhone 12,Android,253,10.31,698,38,985,28,Female
799,Samsung Galaxy S21,iOS,579,4.4,328,31,1621,25,Female
800,OnePlus 9,Android,181,10.51,2020,13,206,37,Male
801,Samsung Galaxy S21,iOS,88,4.17,1875,21,2403,33,Male
802,Google Pixel 5,iOS,143,2.92,2930,43,1071,29,Female
803,OnePlus 9,Android,216,1.34,1675,63,1799,34,Female
804,Xiaomi Mi 11,Android,288,4.25,760,11,1334,36,Male
805,Google Pixel 5,iOS,188,7.64,2884,51,866,53,Male
806,Google Pixel 5,Android,436,2.84,1430,69,2274,57,Male
807,iPhone 12,iOS,186,2.63,2932,27,939,45,Female
808,Google Pixel 5,iOS,309,8.15,2785,81,567,53,Female
809,Google Pixel 5,Android,83,1.89,1852,41,2386,29,Female
810,OnePlus 9,Android,362,3.79,2472,38,855,42,Female
811,iPhone 12,iOS,563,1.85,2231,65,885,41,Female
812,Google Pixel 5,iOS,461,8.83,1789,53,842,58,Male
813,Xiaomi Mi 11,Android,162,2.13,1363,56,486,22,Female
814,Google Pixel 5,iOS,247,6.93,2626,50,2196,31,Female
815,OnePlus 9,Android,271,4.0,2207,13,1461,32,Male
816,Samsung Galaxy S21,iOS,314,1.61,1387,44,469,56,Female
817,Xiaomi Mi 11,Android,260,6.4,633,22,2209,48,Female
818,OnePlus 9,Android,578,3.25,2751,88,1929,19,Male
819,OnePlus 9,Android,193,3.73,2619,67,1774,28,Female
820,Xiaomi Mi 11,iOS,379,3.96,2531,31,1006,42,Female
821,iPhone 12,Android,554,5.1,1447,21,2193,24,Female
822,Google Pixel 5,iOS,192,2.56,2616,54,1951,42,Female
823,iPhone 12,iOS,422,3.45,1635,38,1715,29,Male
824,Samsung Galaxy S21,iOS,31,4.5,1701,98,1297,28,Female
825,Xiaomi Mi 11,Android,405,10.41,2827,75,2307,50,Male
826,OnePlus 9,iOS,340,1.87,1374,57,2236,39,Male
827,Samsung Galaxy S21,iOS,157,8.7,2293,30,879,43,Male
828,OnePlus 9,iOS,121,3.41,1877,61,899,38,Male
829,OnePlus 9,Android,566,11.81,2408,88,890,27,Male
830,iPhone 12,Android,476,3.72,937,83,2398,30,Male
831,OnePlus 9,Android,358,1.88,603,13,2056,43,Male
832,Google Pixel 5,iOS,64,11.76,780,80,904,34,Male
833,Samsung Galaxy S21,Android,558,11.54,1680,16,958,35,Male
834,Google Pixel 5,iOS,63,5.18,2051,30,516,29,Female
835,OnePlus 9,Android,374,4.44,2855,22,481,25,Male
836,Google Pixel 5,Android,66,8.67,2066,74,2301,51,Male
837,OnePlus 9,Android,264,5.01,707,65,1061,27,Female
838,OnePlus 9,iOS,482,3.96,580,47,801,21,Female
839,Google Pixel 5,Android,372,4.21,927,28,1050,21,Male
840,Xiaomi Mi 11,iOS,290,10.64,438,71,2139,31,Male
841,OnePlus 9,Android,465,1.22,2470,75,259,29,Male
842,Xiaomi Mi 11,iOS,206,11.34,1204,62,382,41,Male
843,iPhone 12,iOS,256,8.76,1588,97,233,45,Female
844,OnePlus 9,iOS,93,11.71,2111,31,2174,35,Female
845,Samsung Galaxy S21,iOS,176,2.87,2763,87,293,49,Female
846,OnePlus 9,iOS,52,10.02,2100,47,2101,19,Female
847,iPhone 12,iOS,188,11.02,1158,65,1010,34,Male
848,Samsung Galaxy S21,iOS,190,3.96,2698,82,1234,27,Female
849,OnePlus 9,Android,343,2.37,534,70,879,32,Male
850,Samsung Galaxy S21,iOS,97,2.32,1826,92,860,46,Female
851,OnePlus 9,iOS,216,1.87,2005,15,1786,26,Female
852,OnePlus 9,iOS,488,4.95,1777,64,1621,39,Female
853,Google Pixel 5,iOS,87,7.68,2257,30,777,21,Female
854,Samsung Galaxy S21,iOS,546,11.91,2763,98,1153,41,Male
855,iPhone 12,Android,281,5.06,2550,65,431,50,Female
856,Xiaomi Mi 11,iOS,237,1.57,2298,55,2035,26,Male
857,Xiaomi Mi 11,iOS,155,11.1,1712,71,181,31,Female
858,Samsung Galaxy S21,Android,46,3.85,1261,66,1371,46,Female
859,Google Pixel 5,iOS,477,6.04,1216,97,2108,27,Female
860,OnePlus 9,iOS,252,3.04,1659,47,2270,25,Male
861,iPhone 12,iOS,217,10.78,2991,95,2148,48,Male
862,Google Pixel 5,iOS,332,4.82,575,96,1536,30,Male
863,Samsung Galaxy S21,iOS,332,8.35,2921,67,186,43,Male
864,iPhone 12,iOS,204,7.54,1110,60,735,24,Female
865,iPhone 12,Android,590,1.05,1352,14,2010,47,Male
866,Samsung Galaxy S21,Android,198,10.44,1184,67,1031,31,Male
867,iPhone 12,Android,380,7.1,1270,11,2297,26,Female
868,iPhone 12,Android,49,5.92,2379,38,1806,54,Male
869,OnePlus 9,iOS,263,3.0,1001,51,1466,23,Female
870,Samsung Galaxy S21,iOS,172,11.66,2609,45,1908,52,Male
871,Samsung Galaxy S21,Android,,4.82,2546,46,2482,47,Male
872,iPhone 12,iOS,435,7.1,1304,44,2244,46,Female
873,OnePlus 9,iOS,148,4.64,1122,76,730,47,Male
874,Google Pixel 5,iOS,268,5.06,2596,97,367,32,Male
875,iPhone 12,iOS,143,9.65,1777,88,610,37,Male
876,Samsung Galaxy S21,iOS,110,6.73,1554,62,1274,37,Female
877,Xiaomi Mi 11,Android,583,8.0,2428,19,2114,45,Female
878,Google Pixel 5,Android,486,7.41,2741,69,2368,40,Female
879,iPhone 12,iOS,408,6.48,1594,42,1470,42,Female
880,iPhone 12,Android,34,2.77,705,36,1648,19,Female
881,Samsung Galaxy S21,iOS,266,4.89,1836,74,1416,48,Female
882,iPhone 12,iOS,192,9.6,1292,65,2273,22,Female
883,Google Pixel 5,Android,551,5.05,1436,80,977,55,Male
884,iPhone 12,Android,405,1.59,2427,92,1316,42,Male
885,Google Pixel 5,Android,317,5.91,2527,29,1708,42,Female
886,OnePlus 9,iOS,434,7.91,2170,98,181,29,Female
887,Xiaomi Mi 11,Android,39,8.48,330,28,2176,21,Male
888,iPhone 12,Android,515,5.94,2722,99,313,25,Male
889,Google Pixel 5,Android,533,6.46,1950,36,2304,25,Male
890,Xiaomi Mi 11,iOS,187,9.25,2210,56,1190,56,Female
891,Samsung Galaxy S21,Android,175,1.05,306,59,2063,45,Male
892,Google Pixel 5,Android,55,9.94,2543,89,2419,24,Female
893,Google Pixel 5,iOS,199,7.61,743,54,1597,58,Female
894,OnePlus 9,iOS,104,9.73,1830,93,297,28,Male
895,Samsung Galaxy S21,Android,481,2.45,2963,97,1186,41,Male
896,OnePlus 9,Android,591,7.42,1608,82,930,45,Male
897,Google Pixel 5,Android,231,5.36,1498,10,814,43,Male
898,OnePlus 9,Android,527,1.22,1092,56,2307,54,Male
899,iPhone 12,Android,50,1.65,2064,46,2224,27,Female
900,Xiaomi Mi 11,iOS,400,10.52,2092,21,2460,24,Female
901,Samsung Galaxy S21,Android,385,10.2,2177,19,2094,36,Female
902,Google Pixel 5,iOS,206,9.4,2633,91,2274,43,Male
903,Google Pixel 5,Android,205,1.16,2251,42,322,28,Female
904,Google Pixel 5,iOS,412,9.0,2179,53,1977,56,Male
905,iPhone 12,iOS,249,3.37,762,40,585,49,Male
906,Google Pixel 5,iOS,181,10.54,2738,31,1601,18,Female
907,Samsung Galaxy S21,Android,132,1.87,2217,35,113,46,Male
908,Samsung Galaxy S21,iOS,436,4.32,2417,91,1389,40,Male
909,iPhone 12,Android,133,9.58,481,74,985,37,Male
910,OnePlus 9,Android,476,5.76,2744,79,,50,Male
911,Xiaomi Mi 11,Android,36,10.05,744,92,1692,45,Male
912,OnePlus 9,iOS,49,6.14,2896,55,206,44,Female
913,Samsung Galaxy S21,Android,588,2.68,1178,66,543,30,Female
914,OnePlus 9,iOS,329,8.24,736,72,1087,52,Female
915,Samsung Galaxy S21,Android,346,9.83,2374,69,387,35,Male
916,Xiaomi Mi 11,iOS,171,11.37,2022,20,434,49,Female
917,Xiaomi Mi 11,Android,300,8.07,1456,87,1343,54,Female
918,Google Pixel 5,Android,92,3.84,643,44,492,39,Female
919,Samsung Galaxy S21,iOS,383,11.84,1752,67,2156,31,Male
920,Google Pixel 5,Android,48,4.68,2565,82,1426,20,Female
921,Xiaomi Mi 11,Android,597,1.84,1993,27,471,33,Female
922,Samsung Galaxy S21,iOS,85,2.18,1720,14,1497,52,Male
923,iPhone 12,iOS,88,5.51,1963,32,1573,49,Female
924,Xiaomi Mi 11,Android,596,5.91,382,22,179,32,Female
925,Samsung Galaxy S21,iOS,195,4.12,871,94,856,55,Male
926,OnePlus 9,iOS,468,4.41,809,13,1984,25,Male
927,Samsung Galaxy S21,iOS,497,7.93,2268,23,494,52,Male
928,Xiaomi Mi 11,iOS,537,1.93,1078,45,2013,37,Male
929,OnePlus 9,iOS,364,1.48,2441,21,207,50,Female
930,iPhone 12,Android,296,11.52,2582,85,2053,51,Male
931,iPhone 12,iOS,148,5.7,1849,65,2229,31,Male
932,Samsung Galaxy S21,Android,268,10.9,2323,74,340,41,Female
933,Samsung Galaxy S21,iOS,407,6.34,2494,55,695,34,Female
934,Samsung Galaxy S21,Android,165,1.13,2307,65,884,22,Female
935,OnePlus 9,iOS,188,10.65,2467,92,2127,35,Female
936,Xiaomi Mi 11,iOS,131,4.43,886,89,1040,30,Female
937,iPhone 12,iOS,218,1.82,2589,64,2376,51,Female
938,Xiaomi Mi 11,iOS,440,4.64,811,75,1538,56,Female
939,Samsung Galaxy S21,Android,579,2.49,2599,50,1072,44,Male
940,OnePlus 9,Android,56,3.17,2571,43,1688,18,Female
941,Xiaomi Mi 11,iOS,149,10.25,1386,52,1234,34,Female
942,OnePlus 9,iOS,418,3.01,968,39,1975,50,Female
943,iPhone 12,Android,352,11.34,2218,46,776,38,Male
944,OnePlus 9,Android,77,1.22,931,99,1099,23,Female
945,iPhone 12,iOS,48,6.71,1507,81,1786,31,Male
946,Samsung Galaxy S21,Android,226,8.65,2879,29,1522,25,Female
947,Google Pixel 5,iOS,261,7.44,1774,32,675,59,Female
948,Google Pixel 5,iOS,484,3.5,950,83,231,43,Male
949,Google Pixel 5,iOS,510,2.02,1528,41,650,47,Female
950,iPhone 12,Android,38,9.43,2090,43,1225,46,Female
951,Xiaomi Mi 11,iOS,269,5.74,2992,17,2368,32,Female
952,Google Pixel 5,iOS,72,6.83,2515,41,856,56,Male
953,Xiaomi Mi 11,iOS,135,10.15,379,92,1058,30,Male
954,iPhone 12,iOS,320,5.66,875,25,1872,48,Female
955,iPhone 12,iOS,537,7.27,2952,27,761,27,Female
956,iPhone 12,Android,534,7.54,2832,68,715,54,Female
957,OnePlus 9,iOS,498,11.37,2412,36,1823,24,Female
958,Google Pixel 5,Android,59,5.15,1377,16,571,18,Male
959,Samsung Galaxy S21,Android,37,6.6,2591,43,1750,48,Male
960,OnePlus 9,iOS,512,3.62,1168,51,2268,55,Female
961,iPhone 12,Android,123,5.24,2303,46,983,35,Male
962,OnePlus 9,iOS,170,9.95,1638,46,1585,34,Female
963,iPhone 12,iOS,300,5.81,1819,88,461,46,Male
964,Google Pixel 5,Android,507,2.79,1458,67,674,52,Female
965,Google Pixel 5,Android,403,9.18,2798,29,1333,58,Female
966,Xiaomi Mi 11,Android,395,8.45,1626,94,838,53,Male
967,Xiaomi Mi 11,Android,501,3.64,2246,54,585,43,Female
968,OnePlus 9,iOS,592,9.79,317,25,2089,21,Male
969,Google Pixel 5,iOS,453,7.48,2736,90,583,25,Female
970,Xiaomi Mi 11,Android,552,11.15,1295,65,811,51,Female
971,OnePlus 9,Android,514,10.58,2512,69,1947,31,Male
972,iPhone 12,iOS,485,10.88,383,10,881,26,Male
973,iPhone 12,iOS,135,5.32,1355,93,1307,31,Female
974,Xiaomi Mi 11,iOS,211,11.84,2966,91,950,39,Female
975,Google Pixel 5,iOS,566,9.0,2862,76,1204,32,Female
976,Xiaomi Mi 11,Android,273,9.87,1524,75,103,20,Female
977,Xiaomi Mi 11,iOS,241,1.03,2903,91,304,32,Female
978,Samsung Galaxy S21,iOS,314,7.1,2740,48,2300,57,Male
979,iPhone 12,iOS,519,3.98,451,89,2181,44,Male
980,Xiaomi Mi 11,iOS,102,2.31,2694,25,1820,31,Female
981,OnePlus 9,iOS,163,8.56,2651,69,927,56,Male
982,Google Pixel 5,iOS,573,9.62,1580,58,1543,45,Female
983,OnePlus 9,iOS,194,1.65,1156,31,1085,46,Female
984,Xiaomi Mi 11,Android,164,2.36,1589,75,1437,38,Female
985,iPhone 12,iOS,42,4.02,2731,40,2257,26,Female
986,Samsung Galaxy S21,Android,177,1.25,362,28,656,31,Female
987,iPhone 12,Android,280,2.35,429,22,589,37,Male
988,Xiaomi Mi 11,Android,205,4.25,2978,54,113,54,Male
989,Samsung Galaxy S21,iOS,526,10.89,1714,20,237,37,Male
990,iPhone 12,Android,552,2.56,927,94,969,36,Female
991,OnePlus 9,iOS,361,7.14,1702,54,1889,28,Male
992,Xiaomi Mi 11,Android,384,9.51,2982,71,1906,46,Male
993,Google Pixel 5,Android,592,7.71,1526,58,1659,58,Male
994,OnePlus 9,iOS,181,10.87,1540,84,2480,20,Female
995,iPhone 12,Android,43,9.91,2176,37,203,46,Male
996,Xiaomi Mi 11,iOS,576,4.28,866,81,576,38,Male
997,iPhone 12,Android,596,3.07,855,26,1910,47,Male
998,Google Pixel 5,iOS,287,7.52,392,61,939,23,Female
999,Xiaomi Mi 11,iOS,312,1.85,1038,51,1346,19,Female
1000,Google Pixel 5,Android,268,1.92,1814,53,1744,53,Female
1001,OnePlus 9,iOS,60,8.55,1634,87,2235,41,Male
1002,Samsung Galaxy S21,Android,578,10.91,2407,23,144,38,Female
1003,Google Pixel 5,iOS,185,8.74,1962,55,504,34,Male
1004,Samsung Galaxy S21,iOS,442,2.94,494,45,1608,48,Female
1005,Google Pixel 5,iOS,533,4.03,419,12,1937,49,Female
1006,OnePlus 9,iOS,519,8.03,2886,99,447,59,Male
1007,Samsung Galaxy S21,Android,36,3.73,1573,33,1581,58,Male
1008,Xiaomi Mi 11,Android,301,3.93,1858,37,972,33,Male
1009,Google Pixel 5,iOS,424,8.04,2615,67,1214,49,Male
1010,Samsung Galaxy S21,iOS,189,1.8,1589,41,1223,34,Male
1011,Samsung Galaxy S21,iOS,122,6.84,1787,51,2337,18,Male
1012,Samsung Galaxy S21,Android,154,8.6,2547,39,2107,27,Female
1013,Xiaomi Mi 11,iOS,167,6.05,431,89,1918,52,Male
1014,Samsung Galaxy S21,Android,247,3.6,760,82,2436,25,Male
1015,iPhone 12,iOS,405,8.68,1662,13,1757,44,Female
1016,Xiaomi Mi 11,iOS,584,4.26,1000,56,1296,29,Male
1017,Xiaomi Mi 11,iOS,247,6.42,2947,90,2436,51,Female
1018,Samsung Galaxy S21,Android,485,4.23,2168,50,1004,32,Male
1019,iPhone 12,Android,149,2.47,1313,97,1471,48,Female
1020,iPhone 12,iOS,237,11.55,2488,84,2181,19,Female
1021,Xiaomi Mi 11,iOS,299,9.47,1523,19,2370,41,Female
1022,Samsung Galaxy S21,iOS,360,11.41,1287,21,2385,30,Male
1023,Google Pixel 5,Android,189,11.32,565,78,1503,48,Male
1024,Samsung Galaxy S21,Android,314,9.53,492,71,402,49,Male
1025,iPhone 12,Android,173,6.63,2204,29,1129,29,Female
1026,Google Pixel 5,iOS,259,6.07,1896,11,1060,24,Female
1027,Samsung Galaxy S21,iOS,300,11.93,2758,96,1092,36,Female
1028,Google Pixel 5,iOS,238,1.73,2634,39,2451,49,Female
1029,Xiaomi Mi 11,iOS,561,8.06,2063,32,526,42,Female
1030,Samsung Galaxy S21,Android,592,6.21,2232,76,899,25,Female
1031,Xiaomi Mi 11,Android,204,6.55,1896,25,1399,19,Female
1032,Google Pixel 5,iOS,62,6.52,905,37,1370,58,Male
1033,Google Pixel 5,iOS,515,9.11,2089,18,273,49,Male
1034,iPhone 12,iOS,307,6.17,1253,67,1515,23,Male
1035,Samsung Galaxy S21,iOS,37,10.38,2951,24,2462,38,Female
1036,Xiaomi Mi 11,iOS,531,3.22,1340,76,1597,30,Female
1037,Xiaomi Mi 11,iOS,35,4.55,2457,94,681,27,Female
1038,OnePlus 9,Android,146,1.5,627,87,801,52,Female
1039,Xiaomi Mi 11,iOS,292,8.25,2597,25,468,26,Female
1040,Xiaomi Mi 11,iOS,177,1.58,2331,19,459,37,Male
1041,Samsung Galaxy S21,iOS,451,8.36,2851,55,279,34,Male
1042,Samsung Galaxy S21,iOS,314,6.09,1280,24,1522,32,Male
1043,iPhone 12,iOS,180,5.29,517,76,180,24,Male
1044,OnePlus 9,iOS,146,10.82,2366,77,667,47,Female
1045,Samsung Galaxy S21,Android,344,6.82,2828,91,1208,37,Male
1046,Xiaomi Mi 11,iOS,334,3.69,2884,91,1096,29,Male
1047,OnePlus 9,Android,134,3.69,2698,16,1121,31,Male
1048,iPhone 12,iOS,67,11.32,1491,72,2324,39,Male
1049,Google Pixel 5,iOS,159,7.18,1575,12,1324,40,Male
1050,iPhone 12,Android,183,2.26,2031,85,2448,31,Male
1051,Google Pixel 5,iOS,200,3.62,1665,94,2130,40,Female
1052,iPhone 12,Android,414,1.36,2258,39,1830,18,Male
1053,Xiaomi Mi 11,iOS,89,9.09,2107,50,1541,49,Female
1054,iPhone 12,Android,343,4.99,1291,96,1436,44,Female
1055,iPhone 12,Android,445,10.56,1744,11,1442,43,Female
1056,Xiaomi Mi 11,iOS,535,2.24,1592,33,599,35,Female
1057,Xiaomi Mi 11,Android,152,1.94,482,62,919,18,Female
1058,Google Pixel 5,iOS,522,10.63,480,11,2137,42,Female
1059,Xiaomi Mi 11,iOS,419,7.56,2909,85,1258,38,Female
1060,Google Pixel 5,iOS,519,2.36,2824,63,1140,30,Female
1061,Google Pixel 5,Android,481,4.05,2508,57,1989,29,Male
1062,Samsung Galaxy S21,iOS,565,3.73,483,51,1570,18,Male
1063,Samsung Galaxy S21,Android,505,11.42,2549,82,170,49,Male
1064,Google Pixel 5,Android,440,11.15,2534,34,2377,51,Male
1065,Samsung Galaxy S21,iOS,388,10.6,1577,56,1756,18,Male
1066,Google Pixel 5,iOS,554,9.99,832,65,1126,40,Male
1067,OnePlus 9,iOS,378,3.2,2862,20,318,38,Male
1068,Xiaomi Mi 11,Android,417,5.08,2714,93,1286,40,Female
1069,Xiaomi Mi 11,iOS,315,3.06,2673,20,759,34,Male
1070,Samsung Galaxy S21,Android,557,10.71,1243,48,330,44,Female
1071,Samsung Galaxy S21,Android,250,12.0,2713,33,2372,44,Male
1072,Google Pixel 5,iOS,106,1.34,1899,91,2144,29,Female
1073,Xiaomi Mi 11,iOS,115,8.14,2076,25,1370,31,Male
1074,Samsung Galaxy S21,iOS,576,8.38,1172,67,263,30,Female
1075,Xiaomi Mi 11,Android,264,6.24,811,77,2158,46,Female
1076,Xiaomi Mi 11,Android,516,7.51,2635,25,1954,31,Male
1077,Google Pixel 5,iOS,353,7.75,727,53,642,52,Female
1078,Samsung Galaxy S21,Android,523,8.08,2537,59,1846,20,Male
1079,Google Pixel 5,Android,453,2.95,2193,39,1072,35,Male
1080,iPhone 12,Android,179,2.03,799,46,1829,56,Male
1081,Google Pixel 5,iOS,489,11.34,2084,64,1003,34,Male
1082,Xiaomi Mi 11,Android,360,7.25,2432,33,484,34,Female
1083,Samsung Galaxy S21,iOS,356,3.82,314,87,522,20,Female
1084,Xiaomi Mi 11,Android,333,5.44,2786,65,480,29,Male
1085,Google Pixel 5,Android,324,8.97,1003,21,1091,23,Female
1086,OnePlus 9,iOS,571,6.35,1151,88,985,42,Female
1087,OnePlus 9,Android,216,5.94,1182,22,794,51,Female
1088,iPhone 12,iOS,107,1.37,571,41,802,51,Female
1089,OnePlus 9,Android,388,7.54,2474,15,1917,51,Female
1090,Google Pixel 5,iOS,135,1.82,1471,44,1824,47,Female
1091,Xiaomi Mi 11,Android,294,4.46,2861,33,1905,34,Male
1092,Samsung Galaxy S21,Android,189,6.33,1969,33,233,44,Female
1093,iPhone 12,Android,325,7.49,2045,58,2337,59,Male
1094,Xiaomi Mi 11,iOS,86,9.42,1304,96,1355,43,Male
1095,OnePlus 9,Android,80,11.13,1550,86,545,25,Male
1096,Google Pixel 5,iOS,64,6.11,1958,51,714,35,Female
1097,Google Pixel 5,Android,364,1.64,2480,62,287,37,Male
1098,Xiaomi Mi 11,iOS,506,4.65,1896,97,1483,29,Female
1099,Google Pixel 5,Android,551,4.68,2302,44,295,18,Female
1100,OnePlus 9,Android,522,9.99,2599,44,757,21,Male
1101,OnePlus 9,iOS,180,7.67,2764,72,579,29,Male
1102,Google Pixel 5,iOS,389,7.24,879,10,197,31,Female
1103,Xiaomi Mi 11,Android,374,8.02,2263,86,373,30,Male
1104,Samsung Galaxy S21,iOS,480,7.09,697,16,2250,37,Male
1105,OnePlus 9,Android,450,9.71,946,42,1935,43,Female
1106,Samsung Galaxy S21,iOS,172,11.35,2961,39,1291,23,Female
1107,Samsung Galaxy S21,iOS,189,7.52,2867,26,338,38,Male
1108,OnePlus 9,Android,131,6.0,303,46,737,37,Male
1109,OnePlus 9,iOS,280,2.11,1973,48,524,34,Male
1110,Xiaomi Mi 11,Android,448,6.66,1624,89,873,21,Female
1111,Google Pixel 5,iOS,59,8.23,2556,41,1648,36,Male
1112,iPhone 12,iOS,197,8.88,2229,26,1666,50,Female
1113,iPhone 12,Android,577,7.42,2675,11,919,49,Male
1114,iPhone 12,iOS,459,9.99,1733,97,2116,22,Female
1115,OnePlus 9,iOS,170,11.81,816,58,210,28,Male
1116,iPhone 12,Android,251,9.44,810,97,245,22,Male
1117,OnePlus 9,iOS,41,11.35,1307,16,372,38,Female
1118,Xiaomi Mi 11,Android,84,1.87,2802,31,195,38,Female
1119,OnePlus 9,iOS,305,4.06,2899,62,1495,58,Female
1120,Samsung Galaxy S21,Android,437,8.1,2958,98,1869,42,Female
1121,OnePlus 9,Android,585,10.81,2034,11,516,47,Male
1122,iPhone 12,Android,293,10.54,1580,77,2408,25,Female
1123,Xiaomi Mi 11,Android,383,2.69,807,93,833,49,Female
1124,Samsung Galaxy S21,Android,290,2.86,2334,95,1771,51,Male
1125,Xiaomi Mi 11,iOS,417,11.76,1656,94,171,31,Female
1126,Google Pixel 5,iOS,420,6.07,1757,99,2140,42,Female
1127,Xiaomi Mi 11,iOS,209,6.11,327,74,1797,59,Female
1128,Xiaomi Mi 11,Android,219,5.44,2164,65,2496,25,Female
1129,Google Pixel 5,iOS,57,10.65,367,22,350,59,Female
1130,Samsung Galaxy S21,Android,398,7.49,1318,69,1103,39,Male
1131,Xiaomi Mi 11,Android,319,5.7,1664,32,2453,31,Female
1132,iPhone 12,Android,96,2.3,2931,20,159,58,Male
1133,Samsung Galaxy S21,Android,295,7.15,2830,,679,31,Male
1134,Samsung Galaxy S21,Android,181,4.43,518,52,1719,57,Female
1135,Samsung Galaxy S21,iOS,59,11.56,904,54,2096,36,Male
1136,Xiaomi Mi 11,Android,165,5.44,2234,48,631,18,Female
1137,Samsung Galaxy S21,Android,140,3.39,2559,48,460,50,Male
1138,iPhone 12,iOS,39,10.08,2508,46,1912,45,Female
1139,iPhone 12,Android,116,7.8,2699,22,211,25,Male
1140,iPhone 12,iOS,577,6.8,1351,71,2250,28,Female
1141,iPhone 12,Android,521,4.71,738,77,552,51,Male
1142,iPhone 12,iOS,535,11.46,2130,62,1252,24,Male
1143,Xiaomi Mi 11,Android,547,7.59,2367,32,1265,20,Male
1144,Samsung Galaxy S21,iOS,340,11.35,793,26,1531,25,Male
1145,OnePlus 9,iOS,543,6.85,2003,78,1970,24,Male
1146,OnePlus 9,iOS,396,4.32,849,10,1493,23,Male
1147,Samsung Galaxy S21,iOS,225,1.09,1200,72,1188,26,Female
1148,iPhone 12,iOS,351,5.48,1125,61,2272,18,Male
1149,iPhone 12,iOS,120,5.72,2897,18,2016,28,Male
1150,iPhone 12,iOS,389,4.4,964,39,1105,31,Female
1151,Google Pixel 5,Android,214,10.01,589,70,2420,33,Female
1152,Xiaomi Mi 11,iOS,307,11.89,678,97,720,58,Female
1153,OnePlus 9,Android,391,9.39,1217,20,1494,42,Female
1154,Xiaomi Mi 11,iOS,424,1.65,379,41,1716,36,Female
1155,iPhone 12,Android,146,4.79,513,31,2232,31,Female
1156,Samsung Galaxy S21,iOS,446,3.0,2306,28,1425,51,Male
1157,iPhone 12,Android,139,8.03,407,61,2322,35,Male
1158,Samsung Galaxy S21,Android,129,5.22,2505,29,2497,58,Male
1159,Xiaomi Mi 11,Android,325,10.98,397,57,261,19,Female
1160,Google Pixel 5,Android,92,2.51,2191,62,1161,33,Female
1161,iPhone 12,iOS,389,8.22,943,38,2409,18,Female
1162,iPhone 12,iOS,90,8.39,2904,81,1915,36,Male
1163,Samsung Galaxy S21,Android,380,6.69,579,47,388,48,Male
1164,Xiaomi Mi 11,iOS,142,2.66,1043,10,706,56,Male
1165,Samsung Galaxy S21,Android,401,3.32,1593,89,2244,55,Male
1166,Xiaomi Mi 11,iOS,497,4.77,2084,76,1420,54,Female
1167,Xiaomi Mi 11,Android,500,8.7,1711,13,1480,42,Female
1168,Xiaomi Mi 11,Android,41,9.38,1391,38,1153,30,Female
1169,iPhone 12,Android,594,2.75,1181,93,685,32,Male
1170,Google Pixel 5,iOS,85,2.68,392,48,794,45,Female
1171,iPhone 12,Android,403,3.94,2615,10,2342,29,Female
1172,Xiaomi Mi 11,Android,482,7.04,2609,58,2156,55,Male
1173,iPhone 12,iOS,95,9.34,1039,40,2045,23,Female
1174,Xiaomi Mi 11,Android,209,6.19,622,33,1824,30,Male
1175,Xiaomi Mi 11,iOS,146,11.57,1083,74,1675,58,Male
1176,Xiaomi Mi 11,Android,248,5.95,2447,15,343,20,Female
1177,Xiaomi Mi 11,iOS,501,8.98,1861,86,2196,23,Female
1178,Xiaomi Mi 11,Android,562,6.65,1789,46,1495,42,Female
1179,Samsung Galaxy S21,iOS,363,11.48,1262,10,2095,51,Male
1180,iPhone 12,iOS,511,8.83,801,37,2048,42,Male
1181,Samsung Galaxy S21,Android,493,10.02,2500,65,215,32,Female
1182,Xiaomi Mi 11,iOS,96,10.24,1622,87,1283,53,Female
1183,OnePlus 9,Android,591,11.9,2066,21,2295,22,Female
1184,Google Pixel 5,iOS,55,4.72,2973,71,330,20,Female
1185,Xiaomi Mi 11,Android,458,4.81,1607,24,421,33,Female
1186,iPhone 12,iOS,235,10.63,2925,50,1486,50,Male
1187,iPhone 12,iOS,479,5.03,2814,99,2123,38,Female
1188,iPhone 12,iOS,47,2.38,844,59,1967,45,Female
1189,Samsung Galaxy S21,Android,36,10.52,1341,73,1662,59,Female
1190,iPhone 12,iOS,44,4.67,2142,40,1984,19,Female
1191,Xiaomi Mi 11,Android,181,10.35,346,68,699,38,Male
1192,iPhone 12,iOS,276,11.96,1053,54,1925,45,Female
1193,Samsung Galaxy S21,Android,326,7.71,802,98,2163,35,Female
1194,Xiaomi Mi 11,Android,408,9.15,342,96,1728,37,Female
1195,Google Pixel 5,Android,213,2.91,909,96,981,53,Male
1196,iPhone 12,iOS,495,6.51,1717,89,2443,20,Male
1197,OnePlus 9,iOS,97,8.43,687,71,256,51,Female
1198,Samsung Galaxy S21,iOS,310,7.94,2302,62,1353,48,Male
1199,OnePlus 9,iOS,568,6.63,603,81,2276,37,Male
1200,Xiaomi Mi 11,Android,263,10.46,1830,65,1224,49,Male
1201,Samsung Galaxy S21,iOS,474,1.05,2305,61,2297,58,Male
1202,Google Pixel 5,iOS,297,2.17,323,45,1677,27,Male
1203,Google Pixel 5,iOS,53,10.41,2002,21,2242,45,Female
1204,Google Pixel 5,Android,253,11.22,582,54,1038,57,Female
1205,Xiaomi Mi 11,iOS,345,4.95,615,34,1894,21,Female
1206,Google Pixel 5,iOS,129,5.28,1626,59,165,55,Male
1207,OnePlus 9,Android,96,2.59,2298,18,181,27,Male
1208,iPhone 12,iOS,194,3.29,473,72,2014,45,Female
1209,iPhone 12,iOS,574,6.2,1410,51,558,26,Male
1210,Samsung Galaxy S21,iOS,38,10.91,624,99,924,52,Female
1211,Xiaomi Mi 11,Android,418,5.59,1749,20,1186,58,Male
1212,OnePlus 9,iOS,424,2.68,2314,21,2398,31,Female
1213,Xiaomi Mi 11,iOS,37,6.85,1342,36,1452,54,Female
1214,iPhone 12,iOS,298,9.15,2126,25,490,43,Male
1215,iPhone 12,Android,84,6.04,2306,34,654,29,Male
1216,Xiaomi Mi 11,iOS,390,9.65,2548,74,608,47,Male
1217,Google Pixel 5,iOS,589,2.61,1533,75,584,36,Female
1218,iPhone 12,iOS,405,5.32,1775,59,1649,34,Female
1219,iPhone 12,Android,151,10.68,2406,26,2152,22,Female
1220,iPhone 12,Android,251,10.49,2698,73,1547,20,Male
1221,Samsung Galaxy S21,iOS,298,7.99,2432,31,425,30,Female
1222,Samsung Galaxy S21,iOS,458,5.17,1538,39,1372,41,Male
1223,iPhone 12,Android,437,4.37,1450,29,2221,49,Male
1224,Samsung Galaxy S21,iOS,211,8.48,1956,57,2427,22,Male
1225,Google Pixel 5,Android,448,1.3,401,53,629,49,Male
1226,iPhone 12,Android,507,7.63,1556,87,114,59,Male
1227,OnePlus 9,Android,445,3.39,2278,35,1295,42,Female
1228,OnePlus 9,Android,361,9.67,1456,50,2203,56,Male
1229,iPhone 12,iOS,232,5.33,696,56,1242,43,Female
1230,iPhone 12,iOS,314,4.96,2513,79,1004,40,Female
1231,Google Pixel 5,iOS,524,4.26,1005,34,1143,36,Male
1232,OnePlus 9,Android,249,4.23,813,59,2324,52,Male
1233,iPhone 12,Android,175,8.21,1647,41,2413,50,Female
1234,Samsung Galaxy S21,Android,496,4.51,771,73,458,33,Female
1235,OnePlus 9,iOS,404,7.7,1222,79,1770,53,Female
1236,Google Pixel 5,iOS,56,11.4,1975,50,1820,29,Female
1237,OnePlus 9,iOS,550,6.11,1380,76,467,28,Female
1238,iPhone 12,iOS,290,7.31,1375,23,2278,23,Male
1239,Samsung Galaxy S21,Android,422,5.29,2245,50,2330,46,Male
1240,Samsung Galaxy S21,iOS,177,9.06,437,98,563,41,Female
1241,iPhone 12,iOS,401,10.36,975,75,1924,21,Female
1242,iPhone 12,iOS,41,3.36,1537,20,1699,51,Male
1243,iPhone 12,Android,339,7.56,2442,15,418,41,Male
1244,Samsung Galaxy S21,iOS,63,9.98,2372,81,408,52,Male
1245,Xiaomi Mi 11,iOS,457,7.74,1776,38,1466,57,Male
1246,OnePlus 9,iOS,207,3.41,538,19,1813,26,Male
1247,Samsung Galaxy S21,iOS,528,2.27,2770,89,124,21,Female
1248,Xiaomi Mi 11,iOS,558,10.36,1585,62,2150,47,Male
1249,Xiaomi Mi 11,iOS,583,4.62,1981,65,1400,36,Male
1250,Google Pixel 5,Android,452,2.0,558,16,1166,48,Male
1251,Google Pixel 5,Android,471,10.79,2485,71,244,56,Female
1252,OnePlus 9,iOS,498,5.63,2131,94,563,32,Female
1253,Samsung Galaxy S21,iOS,134,11.98,2879,34,1286,45,Female
1254,iPhone 12,Android,32,8.71,2393,90,1901,45,Male
1255,Google Pixel 5,Android,586,3.13,1918,27,1330,28,Male
1256,iPhone 12,iOS,150,6.14,1700,10,2470,25,Female
1257,Samsung Galaxy S21,iOS,292,10.35,1337,56,281,34,Male
1258,Google Pixel 5,iOS,89,10.43,2593,42,2294,57,Female
1259,iPhone 12,iOS,562,7.92,653,61,2017,24,Female
1260,Google Pixel 5,Android,452,7.69,1605,54,2252,25,Female
1261,Xiaomi Mi 11,iOS,488,4.19,1051,36,2118,36,Male
1262,Xiaomi Mi 11,iOS,586,8.38,1995,65,844,33,Female
1263,Google Pixel 5,Android,545,7.95,1273,20,160,36,Male
1264,Google Pixel 5,iOS,539,8.9,575,11,192,56,Female
1265,iPhone 12,Android,553,1.87,2312,22,1051,34,Male
1266,Google Pixel 5,Android,243,1.38,2946,38,1374,39,Female
1267,Xiaomi Mi 11,Android,321,11.12,827,32,688,54,Male
1268,iPhone 12,iOS,78,1.13,2777,98,1062,35,Male
1269,Xiaomi Mi 11,Android,378,9.39,676,39,266,43,Female
1270,Xiaomi Mi 11,Android,191,3.98,2661,83,841,55,Male
1271,Samsung Galaxy S21,Android,581,3.15,926,83,2479,48,Male
1272,Xiaomi Mi 11,Android,95,3.59,1476,89,203,33,Male
1273,OnePlus 9,iOS,136,4.59,1488,14,314,37,Female
1274,Samsung Galaxy S21,iOS,142,1.27,1968,24,777,58,Male
1275,Google Pixel 5,Android,63,2.6,1506,91,1513,38,Female
1276,Xiaomi Mi 11,iOS,429,5.04,2129,48,1599,36,Female
1277,Samsung Galaxy S21,iOS,337,5.19,1582,95,1381,38,Female
1278,Samsung Galaxy S21,Android,264,2.16,2962,16,2490,27,Male
1279,Samsung Galaxy S21,iOS,281,6.05,2647,68,549,19,Male
1280,OnePlus 9,iOS,312,5.46,2310,69,929,27,Male
1281,Samsung Galaxy S21,Android,323,3.24,1253,76,2292,18,Male
1282,Xiaomi Mi 11,Android,446,9.6,1184,43,1891,30,Male
1283,OnePlus 9,iOS,96,9.61,2616,95,143,44,Female
1284,Google Pixel 5,iOS,45,6.33,2539,63,1580,20,Male
1285,Samsung Galaxy S21,iOS,58,1.61,331,20,1454,36,Male
1286,OnePlus 9,iOS,506,8.88,2445,26,1546,42,Female
1287,Xiaomi Mi 11,Android,187,10.69,401,56,1939,27,Female
1288,Xiaomi Mi 11,Android,61,10.06,2631,83,2251,26,Male
1289,Google Pixel 5,Android,583,4.69,1148,66,214,38,Male
1290,Google Pixel 5,iOS,303,9.55,771,26,1358,39,Female
1291,Google Pixel 5,iOS,502,9.03,2401,19,2428,33,Female
1292,Samsung Galaxy S21,Android,340,7.02,2145,65,542,29,Male
1293,Google Pixel 5,iOS,183,4.94,2726,95,1914,45,Male
1294,Xiaomi Mi 11,iOS,422,5.97,724,31,244,47,Female
1295,Google Pixel 5,iOS,532,5.46,2689,72,372,51,Female
1296,iPhone 12,Android,43,6.54,2749,84,839,53,Female
1297,Google Pixel 5,Android,304,1.12,488,38,1566,19,Female
1298,iPhone 12,Android,546,7.21,2752,59,789,29,Female
1299,Xiaomi Mi 11,iOS,574,3.79,1385,47,165,31,Female
1300,Xiaomi Mi 11,Android,336,8.29,1757,86,1284,33,Female
1301,Google Pixel 5,iOS,499,5.92,1111,34,494,21,Female
1302,Samsung Galaxy S21,iOS,502,8.82,2766,51,654,55,Female
1303,Google Pixel 5,Android,511,9.46,724,26,1400,35,Male
1304,Xiaomi Mi 11,Android,406,5.41,1439,67,1474,31,Male
1305,iPhone 12,iOS,435,9.12,1088,32,991,52,Male
1306,Xiaomi Mi 11,Android,487,5.31,2990,48,2147,48,Male
1307,OnePlus 9,iOS,49,11.02,1889,59,1359,37,Male
1308,Google Pixel 5,iOS,141,6.46,2522,64,2119,24,Male
1309,Samsung Galaxy S21,iOS,567,2.15,1202,84,1998,30,Male
1310,OnePlus 9,Android,578,5.81,994,77,483,57,Male
1311,Samsung Galaxy S21,Android,550,8.79,984,74,1005,54,Male
1312,Samsung Galaxy S21,iOS,512,1.38,2306,81,2177,40,Male
1313,Google Pixel 5,iOS,378,8.72,722,31,462,44,Female
1314,Xiaomi Mi 11,iOS,118,4.83,812,18,1907,21,Male
1315,OnePlus 9,iOS,35,5.77,622,64,1030,23,Female
1316,iPhone 12,Android,133,7.54,2544,10,1579,24,Female
1317,Google Pixel 5,Android,377,11.64,1530,32,518,48,Female
1318,Xiaomi Mi 11,Android,330,11.74,389,17,1541,37,Male
1319,Google Pixel 5,iOS,519,8.35,686,66,2179,39,Male
1320,OnePlus 9,iOS,434,9.48,1227,29,252,23,Male
1321,OnePlus 9,Android,385,11.92,1187,43,699,25,Male
1322,OnePlus 9,iOS,51,6.08,793,78,2132,54,Male
1323,Google Pixel 5,iOS,263,3.51,927,74,1785,32,Female
1324,Xiaomi Mi 11,iOS,243,5.71,2950,53,1410,31,Male
1325,Xiaomi Mi 11,iOS,447,6.55,1926,77,801,38,Male
1326,Samsung Galaxy S21,iOS,304,3.31,2068,10,191,51,Male
1327,Samsung Galaxy S21,iOS,201,3.46,552,48,1326,50,Male
1328,OnePlus 9,iOS,218,6.79,2255,24,643,46,Male
1329,OnePlus 9,Android,548,10.46,835,72,848,23,Female
1330,Google Pixel 5,iOS,550,6.04,1704,78,2342,23,Female
1331,iPhone 12,iOS,563,10.21,525,75,1943,38,Female
1332,Google Pixel 5,Android,201,4.04,2802,27,1438,31,Female
1333,OnePlus 9,Android,411,4.96,1683,44,1134,20,Male
1334,Google Pixel 5,iOS,466,4.71,2895,96,2289,45,Female
1335,OnePlus 9,Android,245,2.42,2083,65,1208,21,Male
1336,iPhone 12,Android,61,4.54,1691,86,271,21,Male
1337,Xiaomi Mi 11,iOS,536,7.41,1603,49,991,56,Female
1338,Samsung Galaxy S21,Android,524,11.44,1737,88,167,26,Male
1339,Xiaomi Mi 11,Android,397,10.61,1766,10,213,26,Female
1340,OnePlus 9,Android,369,2.89,599,55,765,27,Female
1341,iPhone 12,iOS,532,11.19,727,61,1245,35,Female
1342,Samsung Galaxy S21,iOS,156,6.67,1620,42,1991,23,Male
1343,Samsung Galaxy S21,iOS,379,5.28,1203,69,2272,25,Female
1344,Samsung Galaxy S21,Android,245,2.23,1625,85,583,36,Male
1345,OnePlus 9,Android,410,4.04,1008,64,915,40,Male
1346,iPhone 12,Android,129,6.54,1461,20,2221,28,Female
1347,OnePlus 9,iOS,106,3.11,1989,62,2009,37,Male
1348,Xiaomi Mi 11,Android,598,4.46,2122,65,1026,29,Male
1349,OnePlus 9,Android,78,3.39,2846,37,1287,18,Female
1350,OnePlus 9,Android,555,11.34,2725,24,2405,32,Male
1351,Google Pixel 5,iOS,549,5.04,926,31,300,41,Female
1352,OnePlus 9,iOS,254,5.76,2767,51,1627,49,Female
1353,Google Pixel 5,iOS,503,7.66,2552,91,1964,47,Female
1354,Xiaomi Mi 11,Android,446,6.49,2283,36,2037,51,Female
1355,OnePlus 9,Android,407,4.69,2944,98,258,21,Male
1356,Google Pixel 5,Android,433,5.15,2932,62,618,33,Male
1357,iPhone 12,Android,403,8.75,1579,32,2069,55,Female
1358,Google Pixel 5,Android,399,11.22,837,23,1691,38,Male
1359,Samsung Galaxy S21,iOS,77,2.91,700,21,1778,20,Female
1360,Xiaomi Mi 11,iOS,326,10.77,2505,59,1083,22,Male
1361,Google Pixel 5,iOS,244,4.76,2841,96,303,59,Female
1362,Google Pixel 5,iOS,92,4.73,1819,67,602,24,Male
1363,iPhone 12,iOS,420,8.98,1511,53,2108,54,Male
1364,Samsung Galaxy S21,Android,259,5.37,1631,91,407,24,Male
1365,Xiaomi Mi 11,iOS,158,9.43,1900,23,2182,44,Male
1366,OnePlus 9,Android,275,8.98,2968,59,898,43,Male
1367,OnePlus 9,Android,305,7.32,2943,75,1773,54,Female
1368,Samsung Galaxy S21,Android,574,4.93,1719,79,333,28,Male
1369,Samsung Galaxy S21,iOS,458,2.03,1073,63,2192,57,Male
1370,Samsung Galaxy S21,iOS,526,4.66,526,25,658,57,Female
1371,Xiaomi Mi 11,iOS,296,11.72,2836,89,2298,52,Male
1372,Samsung Galaxy S21,iOS,271,6.22,1655,61,1011,31,Male
1373,Google Pixel 5,iOS,115,10.26,2838,86,448,45,Male
1374,Samsung Galaxy S21,iOS,118,9.97,481,69,1030,25,Female
1375,Samsung Galaxy S21,Android,562,4.63,855,35,2396,52,Male
1376,Google Pixel 5,Android,342,1.75,776,80,267,21,Male
1377,OnePlus 9,iOS,371,7.92,2473,54,2083,26,Male
1378,iPhone 12,Android,368,11.07,314,66,2070,40,Male
1379,OnePlus 9,Android,510,3.53,1814,30,1452,32,Male
1380,Samsung Galaxy S21,iOS,117,1.12,2690,55,2494,53,Female
1381,Samsung Galaxy S21,Android,420,6.14,1987,91,902,25,Male
1382,Google Pixel 5,iOS,177,9.16,1667,16,793,35,Female
1383,iPhone 12,Android,559,11.8,971,22,1620,49,Female
1384,Samsung Galaxy S21,Android,55,11.72,1594,46,501,52,Male
1385,Google Pixel 5,iOS,65,10.9,860,30,424,19,Female
1386,Google Pixel 5,iOS,351,7.52,473,52,2028,57,Male
1387,Google Pixel 5,iOS,112,8.55,2107,44,2325,34,Male
1388,Google Pixel 5,Android,167,6.69,1357,53,2242,43,Male
1389,Samsung Galaxy S21,iOS,300,2.93,1599,28,1266,30,Male
1390,Xiaomi Mi 11,Android,312,5.34,1027,87,1239,29,Female
1391,Samsung Galaxy S21,Android,562,8.9,1103,30,942,51,Female
1392,iPhone 12,iOS,180,1.72,2246,47,2286,55,Female
1393,Samsung Galaxy S21,Android,511,3.79,1742,90,2244,31,Female
1394,Xiaomi Mi 11,iOS,277,9.58,2549,55,2371,28,Female
1395,iPhone 12,iOS,223,10.11,2578,21,2490,59,Male
1396,Samsung Galaxy S21,Android,515,9.61,1775,31,832,23,Female
1397,iPhone 12,iOS,144,2.91,2272,22,1731,20,Female
1398,OnePlus 9,Android,562,1.77,1751,61,1815,22,Male
1399,iPhone 12,iOS,551,9.26,1866,12,647,32,Male
1400,Google Pixel 5,Android,174,6.91,823,23,247,59,Male
1401,Xiaomi Mi 11,iOS,231,3.51,2908,31,2107,25,Female
1402,Samsung Galaxy S21,iOS,468,8.06,896,51,2470,59,Male
1403,iPhone 12,iOS,124,10.73,1119,18,695,47,Male
1404,Xiaomi Mi 11,Android,571,11.48,1889,98,722,46,Male
1405,iPhone 12,iOS,397,4.16,630,18,444,38,Female
1406,Google Pixel 5,iOS,338,1.57,1813,64,1993,59,Male
1407,OnePlus 9,iOS,484,4.57,886,51,193,23,Female
1408,Samsung Galaxy S21,Android,58,8.89,1404,91,1978,43,Male
1409,iPhone 12,iOS,43,5.51,2200,13,663,26,Male
1410,iPhone 12,Android,202,2.86,2582,37,331,30,Female
1411,OnePlus 9,iOS,341,6.4,1620,70,1677,52,Male
1412,Google Pixel 5,Android,66,9.35,2827,23,2279,57,Male
1413,iPhone 12,Android,155,7.93,2515,54,972,41,Male
1414,OnePlus 9,Android,149,7.93,1490,85,1305,55,Male
1415,Samsung Galaxy S21,Android,174,9.76,2189,45,255,27,Male
1416,Google Pixel 5,iOS,284,9.63,579,74,1808,26,Male
1417,Google Pixel 5,Android,266,10.38,1862,53,2281,28,Male
1418,Google Pixel 5,iOS,159,4.09,2728,22,1071,33,Female
1419,OnePlus 9,iOS,516,4.34,1267,82,251,43,Female
1420,iPhone 12,Android,112,9.0,2688,51,1322,24,Female
1421,Google Pixel 5,iOS,424,11.17,2565,32,127,40,Female
1422,OnePlus 9,Android,442,8.06,1473,80,2253,35,Female
1423,Google Pixel 5,iOS,594,2.57,410,59,634,21,Male
1424,OnePlus 9,Android,270,9.09,2009,95,582,49,Male
1425,Xiaomi Mi 11,Android,597,4.88,2240,94,1713,35,Female
1426,Samsung Galaxy S21,iOS,211,5.41,1615,15,689,38,Female
1427,Google Pixel 5,iOS,273,4.35,2602,52,1348,51,Female
1428,iPhone 12,Android,194,6.42,1701,27,2062,22,Female
1429,OnePlus 9,Android,549,6.43,486,30,1443,45,Male
1430,iPhone 12,iOS,537,6.93,575,98,2168,33,Male
1431,Google Pixel 5,iOS,213,10.69,744,69,2253,36,Male
1432,iPhone 12,iOS,317,6.26,2284,34,1639,25,Male
1433,iPhone 12,Android,42,6.91,2467,55,908,56,Male
1434,Google Pixel 5,iOS,271,1.99,1672,37,2063,20,Female
1435,OnePlus 9,Android,357,7.55,1069,80,715,21,Male
1436,iPhone 12,Android,439,1.28,2820,37,172,45,Female
1437,Samsung Galaxy S21,iOS,589,9.13,786,74,1761,21,Female
1438,Google Pixel 5,iOS,472,6.86,707,72,2487,32,Female
1439,Samsung Galaxy S21,Android,318,4.24,1037,34,2076,25,Male
1440,iPhone 12,iOS,500,2.41,1735,60,2252,27,Male
1441,Google Pixel 5,Android,335,9.91,2873,53,2434,21,Male
1442,Xiaomi Mi 11,Android,304,7.51,2067,10,2299,44,Female
1443,iPhone 12,iOS,455,10.75,1182,58,2156,19,Female
1444,Samsung Galaxy S21,Android,431,5.32,394,96,374,40,Female
1445,Google Pixel 5,iOS,381,9.14,2008,80,2418,29,Male
1446,Xiaomi Mi 11,Android,407,2.16,2797,30,1305,24,Female
1447,iPhone 12,iOS,433,7.45,1178,31,1714,42,Male
1448,Google Pixel 5,iOS,79,1.74,1350,33,351,43,Male
1449,iPhone 12,Android,38,1.39,816,72,1487,37,Male
1450,Samsung Galaxy S21,iOS,540,4.15,1910,62,332,20,Female
1451,OnePlus 9,iOS,574,9.45,737,58,2067,53,Male
1452,Xiaomi Mi 11,Android,575,7.53,2805,43,1157,28,Male
1453,Samsung Galaxy S21,Android,344,7.02,1041,40,260,20,Male
1454,Samsung Galaxy S21,Android,250,4.86,2630,13,703,59,Male
1455,Samsung Galaxy S21,Android,439,1.63,436,46,2412,34,Female
1456,iPhone 12,Android,85,7.75,1222,18,1253,32,Female
1457,Samsung Galaxy S21,iOS,580,8.29,994,51,1474,25,Male
1458,OnePlus 9,Android,263,3.48,1338,98,979,43,Male
1459,Google Pixel 5,iOS,86,2.59,884,14,442,38,Male
1460,OnePlus 9,Android,249,5.54,2050,78,2097,31,Female
1461,Google Pixel 5,Android,504,10.32,640,98,582,38,Female
1462,iPhone 12,iOS,578,3.38,305,31,1094,24,Female
1463,Xiaomi Mi 11,Android,300,5.91,974,95,1503,33,Male
1464,iPhone 12,iOS,367,9.34,2354,36,856,52,Male
1465,iPhone 12,iOS,48,8.97,1160,75,634,29,Male
1466,Google Pixel 5,iOS,131,3.69,2969,44,1677,27,Male
1467,iPhone 12,iOS,125,11.24,453,29,712,53,Male
1468,OnePlus 9,Android,110,6.93,1063,86,1349,52,Male
1469,Samsung Galaxy S21,Android,75,11.49,867,69,1381,31,Female
1470,Google Pixel 5,iOS,162,8.67,2960,88,1917,33,Female
1471,Samsung Galaxy S21,Android,437,8.44,2405,84,692,45,Female
1472,Xiaomi Mi 11,iOS,516,10.73,445,45,368,56,Female
1473,Samsung Galaxy S21,iOS,264,6.26,739,37,1088,58,Male
1474,Xiaomi Mi 11,iOS,588,11.38,2399,72,989,20,Female
1475,Google Pixel 5,Android,61,2.74,1270,44,637,39,Male
1476,Xiaomi Mi 11,Android,110,6.73,501,80,1209,24,Female
1477,Google Pixel 5,iOS,160,6.26,1084,35,1589,41,Female
1478,OnePlus 9,iOS,469,10.69,2118,90,1113,47,Female
1479,iPhone 12,iOS,295,5.01,1118,84,586,48,Male
1480,iPhone 12,iOS,135,10.46,2630,55,2396,58,Male
1481,Xiaomi Mi 11,Android,534,6.17,1454,79,2027,35,Female
1482,Xiaomi Mi 11,iOS,366,9.31,2056,25,545,32,Male
1483,OnePlus 9,Android,501,11.16,2031,77,1010,39,Male
1484,OnePlus 9,iOS,543,9.89,2603,93,817,34,Male
1485,Google Pixel 5,Android,181,3.35,1176,27,256,27,Male
1486,OnePlus 9,iOS,567,5.6,379,39,336,44,Female
1487,OnePlus 9,iOS,457,3.33,718,26,1010,33,Male
1488,iPhone 12,iOS,407,10.04,2793,19,1567,44,Male
1489,Samsung Galaxy S21,Android,73,10.44,1162,26,985,56,Male
1490,Google Pixel 5,Android,386,8.94,2297,53,668,51,Male
1491,Google Pixel 5,iOS,207,7.38,2338,29,261,57,Male
1492,Google Pixel 5,Android,126,4.34,2279,82,477,44,Male
1493,iPhone 12,Android,592,2.46,1936,62,832,48,Female
1494,Xiaomi Mi 11,iOS,420,8.06,1776,31,332,44,Female
1495,iPhone 12,iOS,213,7.11,943,10,1166,23,Male
1496,Xiaomi Mi 11,Android,596,2.67,1425,98,1127,54,Male
1497,iPhone 12,Android,201,6.91,1408,51,1892,38,Male
1498,Google Pixel 5,iOS,254,8.55,2427,50,813,50,Female
1499,iPhone 12,iOS,577,4.44,992,42,278,28,Male
1500,iPhone 12,Android,582,3.86,1413,23,2212,49,Male
1501,Xiaomi Mi 11,Android,554,11.82,763,93,1361,51,Female
1502,Xiaomi Mi 11,Android,459,2.66,2556,74,1075,47,Male
1503,OnePlus 9,iOS,114,10.45,816,22,1967,48,Female
1504,Google Pixel 5,iOS,200,2.88,963,46,164,37,Female
1505,Google Pixel 5,Android,293,6.3,1447,75,858,50,Female
1506,Samsung Galaxy S21,iOS,392,9.65,1918,41,1232,46,Female
1507,Google Pixel 5,iOS,401,7.94,2522,19,2366,58,Female
1508,Xiaomi Mi 11,iOS,45,6.1,872,23,2145,55,Female
1509,Google Pixel 5,Android,472,3.91,1308,66,1719,48,Male
1510,Google Pixel 5,Android,152,4.8,860,12,2115,20,Male
1511,Samsung Galaxy S21,Android,418,1.29,562,52,615,27,Female
1512,OnePlus 9,iOS,389,6.57,1918,31,850,55,Female
1513,iPhone 12,iOS,60,1.21,1415,31,782,25,Female
1514,Google Pixel 5,iOS,131,9.63,2551,38,2287,40,Male
1515,OnePlus 9,iOS,449,2.4,461,16,2105,37,Male
1516,Google Pixel 5,iOS,192,11.43,1602,45,2483,35,Male
1517,OnePlus 9,Android,478,3.05,610,68,1468,42,Female
1518,Xiaomi Mi 11,Android,232,10.79,2981,13,235,24,Female
1519,Samsung Galaxy S21,Android,70,11.51,1146,91,262,40,Female
1520,Xiaomi Mi 11,Android,534,11.62,1060,92,1202,34,Male
1521,iPhone 12,iOS,324,2.82,2138,66,765,45,Female
1522,Xiaomi Mi 11,iOS,292,10.36,1765,68,316,57,Female
1523,OnePlus 9,Android,324,3.11,2788,19,1705,38,Female
1524,OnePlus 9,Android,447,6.5,2380,31,2362,37,Male
1525,Samsung Galaxy S21,iOS,464,6.26,1893,96,2424,20,Female
1526,Google Pixel 5,Android,485,2.07,324,23,2031,25,Female
1527,iPhone 12,iOS,463,10.53,1197,42,636,53,Female
1528,Google Pixel 5,iOS,499,4.69,2611,85,216,24,Male
1529,iPhone 12,Android,301,9.84,2859,58,559,43,Male
1530,OnePlus 9,Android,172,1.67,2004,20,1570,32,Male
1531,iPhone 12,Android,34,10.18,2748,48,1671,50,Male
1532,Samsung Galaxy S21,iOS,253,4.43,807,85,1914,42,Male
1533,Google Pixel 5,iOS,386,8.94,2814,49,376,19,Female
1534,Google Pixel 5,iOS,519,3.14,1469,67,866,54,Male
1535,Xiaomi Mi 11,Android,381,1.32,1439,86,1273,42,Female
1536,Google Pixel 5,Android,583,3.85,2109,56,2462,47,Male
1537,iPhone 12,Android,325,7.81,1326,86,2353,53,Male
1538,OnePlus 9,iOS,308,10.27,858,14,1639,38,Male
1539,Xiaomi Mi 11,Android,340,11.72,2327,56,2375,35,Female
1540,Samsung Galaxy S21,Android,449,5.49,499,89,1180,27,Female
1541,Xiaomi Mi 11,iOS,347,1.36,2390,45,2152,21,Male
1542,Samsung Galaxy S21,Android,559,8.34,2743,51,287,51,Male
1543,iPhone 12,Android,473,1.11,612,51,528,52,Female
1544,Xiaomi Mi 11,iOS,141,10.18,2447,27,828,59,Female
1545,OnePlus 9,Android,475,7.21,2227,33,2166,56,Male
1546,OnePlus 9,iOS,182,6.53,471,60,800,51,Male
1547,iPhone 12,Android,159,2.38,1605,22,2233,28,Female
1548,OnePlus 9,Android,303,3.73,1292,67,2406,26,Male
1549,Samsung Galaxy S21,Android,146,9.31,751,51,665,26,Female
1550,Samsung Galaxy S21,Android,253,6.23,902,85,2430,19,Female
1551,Samsung Galaxy S21,iOS,530,9.02,1144,18,1646,35,Female
1552,Xiaomi Mi 11,Android,503,4.45,2533,94,493,51,Male
1553,OnePlus 9,Android,477,2.99,2872,22,1871,56,Female
1554,Samsung Galaxy S21,Android,494,3.49,1166,69,1501,59,Female
1555,Google Pixel 5,iOS,437,11.5,2598,80,1194,47,Male
1556,OnePlus 9,iOS,418,5.48,2741,70,1767,39,Male
1557,iPhone 12,iOS,128,5.51,2364,31,1190,34,Female
1558,Samsung Galaxy S21,Android,42,9.22,1528,95,1957,54,Female
1559,Xiaomi Mi 11,iOS,153,2.23,2776,14,2337,54,Female
1560,OnePlus 9,Android,375,8.13,2547,44,1516,35,Male
1561,Xiaomi Mi 11,iOS,111,10.78,1795,69,726,43,Female
1562,Samsung Galaxy S21,iOS,181,5.75,532,87,2424,41,Male
1563,OnePlus 9,iOS,220,8.87,1686,75,1406,23,Female
1564,Xiaomi Mi 11,Android,257,10.4,2481,25,734,36,Female
1565,Xiaomi Mi 11,Android,234,3.95,693,24,551,27,Female
1566,OnePlus 9,iOS,51,6.17,511,28,1909,33,Male
1567,Samsung Galaxy S21,iOS,393,11.44,1709,67,1301,20,Male
1568,Xiaomi Mi 11,Android,163,2.25,2185,99,175,55,Male
1569,Samsung Galaxy S21,Android,93,4.22,2033,90,1865,25,Female
1570,OnePlus 9,Android,114,5.48,497,24,182,55,Male
1571,Google Pixel 5,iOS,577,3.43,2647,25,216,21,Female
1572,Google Pixel 5,iOS,481,7.79,2461,48,2288,26,Female
1573,OnePlus 9,iOS,595,7.54,673,71,1297,28,Male
1574,iPhone 12,Android,493,10.49,2809,88,2069,19,Male
1575,Samsung Galaxy S21,iOS,330,3.57,2875,46,639,53,Male
1576,iPhone 12,iOS,408,10.67,1788,99,1374,58,Female
1577,Samsung Galaxy S21,Android,153,5.54,2719,69,2097,51,Female
1578,Xiaomi Mi 11,iOS,122,7.19,2540,60,1572,41,Male
1579,Google Pixel 5,Android,365,4.61,904,35,2278,39,Female
1580,Xiaomi Mi 11,iOS,59,6.92,420,52,1198,24,Male
1581,iPhone 12,Android,205,3.65,564,13,1721,46,Male
1582,Google Pixel 5,iOS,85,5.76,1499,88,1588,59,Male
1583,Samsung Galaxy S21,Android,122,11.87,381,16,232,32,Male
1584,Samsung Galaxy S21,Android,586,10.73,1318,24,1883,46,Male
1585,Xiaomi Mi 11,iOS,265,8.14,2803,20,2414,22,Male
1586,Samsung Galaxy S21,Android,197,2.25,1533,10,305,19,Female
1587,iPhone 12,iOS,353,11.22,2435,70,895,24,Female
1588,Xiaomi Mi 11,Android,232,5.92,795,37,1582,28,Female
1589,iPhone 12,Android,308,10.46,1209,78,126,58,Male
1590,iPhone 12,Android,281,6.97,1512,95,2247,27,Female
1591,Google Pixel 5,iOS,450,2.74,2546,44,2464,30,Female
1592,Google Pixel 5,Android,431,11.94,1926,61,1370,57,Female
1593,Samsung Galaxy S21,iOS,513,7.31,2435,91,2478,36,Female
1594,Google Pixel 5,Android,220,1.06,369,12,2251,47,Male
1595,Xiaomi Mi 11,iOS,378,9.28,2450,76,2406,29,Female
1596,Xiaomi Mi 11,Android,580,2.02,767,20,564,44,Female
1597,iPhone 12,Android,557,8.86,2351,77,214,47,Male
1598,OnePlus 9,iOS,542,7.27,2541,63,473,57,Male
1599,Samsung Galaxy S21,iOS,325,7.94,443,44,472,45,Female
1600,Xiaomi Mi 11,Android,148,10.71,1868,92,2340,55,Male
1601,Xiaomi Mi 11,iOS,562,2.11,2259,57,126,42,Male
1602,Xiaomi Mi 11,iOS,32,5.64,1552,52,921,28,Male
1603,OnePlus 9,Android,594,4.79,587,34,1608,40,Male
1604,OnePlus 9,Android,230,2.5,689,66,906,20,Male
1605,iPhone 12,iOS,301,1.28,2493,72,1200,57,Female
1606,Samsung Galaxy S21,iOS,299,10.73,2191,56,1894,36,Female
1607,OnePlus 9,iOS,180,8.62,2310,72,2086,44,Male
1608,OnePlus 9,iOS,182,9.24,1276,57,236,30,Female
1609,Samsung Galaxy S21,Android,234,10.21,1117,93,1940,47,Female
1610,iPhone 12,Android,279,11.25,2394,20,1005,20,Female
1611,iPhone 12,Android,165,3.76,495,30,1605,46,Male
1612,Google Pixel 5,iOS,470,10.74,2761,80,921,38,Male
1613,iPhone 12,Android,281,2.69,942,30,670,23,Male
1614,Samsung Galaxy S21,Android,256,3.58,2833,78,285,36,Male
1615,iPhone 12,iOS,477,4.55,2803,22,1023,45,Female
1616,OnePlus 9,iOS,289,11.52,2702,55,1400,39,Male
1617,iPhone 12,iOS,67,5.68,1165,12,743,40,Male
1618,Samsung Galaxy S21,iOS,526,8.94,487,53,305,35,Female
1619,Xiaomi Mi 11,iOS,127,6.41,320,69,1706,49,Female
1620,Xiaomi Mi 11,iOS,285,9.27,1320,27,2443,32,Female
1621,OnePlus 9,Android,294,10.0,2856,63,1287,20,Female
1622,Xiaomi Mi 11,iOS,430,11.68,1747,89,1004,50,Male
1623,Google Pixel 5,Android,412,3.24,1816,65,2210,29,Male
1624,OnePlus 9,iOS,116,6.11,2708,15,1772,39,Female
1625,OnePlus 9,iOS,71,3.97,1084,99,265,39,Female
1626,OnePlus 9,iOS,353,2.76,2137,88,361,53,Female
1627,Samsung Galaxy S21,iOS,464,3.71,1660,56,2114,53,Male
1628,Google Pixel 5,iOS,360,4.55,1560,74,2487,19,Female
1629,Google Pixel 5,iOS,50,3.54,1197,74,1862,52,Female
1630,iPhone 12,Android,349,7.1,1022,39,2181,35,Male
1631,Google Pixel 5,Android,405,9.84,1046,90,1429,53,Female
1632,OnePlus 9,Android,149,9.42,2511,67,1616,37,Male
1633,iPhone 12,iOS,69,10.56,1691,95,847,47,Female
1634,Samsung Galaxy S21,iOS,136,6.77,1036,12,481,27,Male
1635,iPhone 12,Android,552,8.15,782,70,705,43,Female
1636,Samsung Galaxy S21,iOS,316,11.27,2974,69,1693,42,Male
1637,OnePlus 9,Android,437,8.97,458,98,2387,58,Male
1638,Samsung Galaxy S21,Android,240,9.9,2172,88,1887,27,Female
1639,Xiaomi Mi 11,iOS,398,1.91,1195,71,2439,32,Female
1640,Xiaomi Mi 11,Android,454,8.76,984,59,1643,59,Male
1641,Google Pixel 5,Android,528,3.72,2066,15,156,44,Female
1642,Google Pixel 5,iOS,289,6.06,2168,57,1157,25,Female
1643,Samsung Galaxy S21,Android,186,4.25,568,47,752,37,Male
1644,Samsung Galaxy S21,Android,476,10.48,2565,52,181,46,Male
1645,Google Pixel 5,iOS,425,9.65,1474,82,1694,21,Female
1646,Samsung Galaxy S21,Android,223,4.45,2506,13,1280,23,Male
1647,Google Pixel 5,Android,85,4.06,385,63,1483,52,Female
1648,iPhone 12,iOS,213,1.91,1431,32,742,31,Male
1649,iPhone 12,Android,498,6.88,1003,47,2471,51,Male
1650,OnePlus 9,iOS,558,9.07,995,69,2421,20,Male
1651,iPhone 12,iOS,170,11.15,2208,24,1817,54,Male
1652,Xiaomi Mi 11,Android,49,6.88,1812,32,1688,44,Male
1653,Google Pixel 5,iOS,480,10.22,1569,53,1710,38,Female
1654,Google Pixel 5,iOS,260,11.26,1358,47,831,27,Female
1655,Samsung Galaxy S21,Android,94,2.02,2958,99,740,37,Female
1656,Samsung Galaxy S21,Android,491,7.36,1618,69,1041,20,Male
1657,Google Pixel 5,Android,47,6.47,1467,30,1619,52,Male
1658,Xiaomi Mi 11,iOS,144,4.46,2684,70,1702,45,Male
1659,Xiaomi Mi 11,Android,191,5.31,1896,64,486,39,Female
1660,OnePlus 9,iOS,314,4.88,2843,79,2239,31,Female
1661,Samsung Galaxy S21,Android,391,2.94,1239,74,1029,22,Male
1662,Samsung Galaxy S21,Android,67,2.17,2944,76,410,30,Female
1663,Xiaomi Mi 11,Android,596,6.25,1347,32,1960,49,Female
1664,Xiaomi Mi 11,Android,509,8.16,689,38,2065,36,Female
1665,OnePlus 9,iOS,264,2.61,1439,51,324,23,Female
1666,Xiaomi Mi 11,iOS,480,6.32,2380,84,713,56,Female
1667,iPhone 12,iOS,432,6.62,1271,99,1605,53,Female
1668,Google Pixel 5,Android,395,4.18,630,25,1866,19,Female
1669,OnePlus 9,iOS,542,3.74,2240,74,888,50,Female
1670,Xiaomi Mi 11,Android,328,9.0,2628,78,2491,28,Female
1671,iPhone 12,Android,368,8.63,1120,11,399,23,Male
1672,OnePlus 9,Android,248,4.66,2832,31,1282,31,Female
1673,OnePlus 9,iOS,137,10.56,1731,98,1368,54,Female
1674,iPhone 12,iOS,353,7.4,756,44,2365,41,Male
1675,OnePlus 9,iOS,502,3.82,1952,23,2277,43,Female
1676,Google Pixel 5,Android,228,11.36,1043,24,1746,38,Female
1677,OnePlus 9,Android,167,2.63,1361,19,601,18,Male
1678,OnePlus 9,iOS,402,9.58,1167,33,2457,33,Male
1679,iPhone 12,Android,107,6.62,391,72,1866,25,Male
1680,Google Pixel 5,Android,519,7.54,2361,49,391,44,Male
1681,OnePlus 9,Android,233,11.61,451,36,1660,18,Male
1682,OnePlus 9,iOS,579,4.86,2962,57,1644,29,Female
1683,OnePlus 9,iOS,480,10.53,1108,61,1060,36,Male
1684,Samsung Galaxy S21,iOS,39,7.16,1048,21,1922,52,Male
1685,OnePlus 9,iOS,326,3.83,2448,87,108,24,Female
1686,OnePlus 9,iOS,453,1.93,1037,78,1146,56,Female
1687,Samsung Galaxy S21,iOS,381,1.72,1466,17,1879,22,Male
1688,Google Pixel 5,iOS,553,6.86,2007,35,1457,49,Male
1689,Samsung Galaxy S21,iOS,332,7.08,1061,53,864,53,Female
1690,Samsung Galaxy S21,Android,150,9.78,340,26,2373,39,Male
1691,Google Pixel 5,iOS,180,9.28,1711,57,2422,18,Female
1692,OnePlus 9,iOS,373,8.51,1905,66,2134,43,Male
1693,Xiaomi Mi 11,Android,416,1.67,836,85,337,57,Female
1694,OnePlus 9,iOS,67,2.23,768,20,785,38,Male
1695,OnePlus 9,Android,166,3.96,2647,24,2401,59,Male
1696,OnePlus 9,Android,371,4.62,2778,29,1014,57,Female
1697,Xiaomi Mi 11,Android,212,2.41,805,88,2492,27,Male
1698,iPhone 12,Android,132,1.93,2341,14,127,28,Female
1699,Xiaomi Mi 11,Android,144,5.71,1083,18,112,57,Female
1700,OnePlus 9,Android,520,5.88,924,66,812,38,Male
1701,OnePlus 9,iOS,213,8.83,2438,72,1875,49,Male
1702,iPhone 12,Android,575,6.41,1896,22,2347,22,Female
1703,OnePlus 9,Android,165,8.13,1648,14,2025,37,Male
1704,Samsung Galaxy S21,Android,68,11.97,320,38,1702,30,Male
1705,iPhone 12,iOS,335,9.01,1894,47,498,35,Male
1706,Xiaomi Mi 11,Android,94,4.39,460,66,342,56,Female
1707,Xiaomi Mi 11,iOS,165,1.21,1686,39,1775,19,Male
1708,Samsung Galaxy S21,iOS,218,3.78,2969,16,1805,31,Male
1709,Samsung Galaxy S21,iOS,585,5.56,1855,55,1331,26,Female
1710,Samsung Galaxy S21,Android,370,3.22,2014,95,887,41,Female
1711,OnePlus 9,iOS,147,7.37,1456,40,2474,33,Female
1712,Xiaomi Mi 11,iOS,459,5.79,2344,58,435,58,Female
1713,Google Pixel 5,Android,84,3.84,510,26,1175,24,Male
1714,Samsung Galaxy S21,Android,567,8.79,1097,29,195,26,Female
1715,iPhone 12,iOS,184,8.64,2310,56,1881,30,Male
1716,iPhone 12,Android,500,11.65,1790,68,1549,43,Female
1717,OnePlus 9,iOS,382,7.46,1830,98,484,50,Male
1718,Samsung Galaxy S21,iOS,199,9.89,1842,35,716,20,Male
1719,iPhone 12,iOS,412,1.21,1466,63,277,20,Male
1720,Xiaomi Mi 11,Android,418,7.96,1978,75,1670,46,Female
1721,OnePlus 9,iOS,318,6.42,2759,56,1923,23,Male
1722,Samsung Galaxy S21,Android,215,11.05,2488,38,1410,50,Male
1723,Xiaomi Mi 11,iOS,278,2.93,1167,49,2377,37,Male
1724,OnePlus 9,Android,254,2.58,1349,86,287,59,Female
1725,Samsung Galaxy S21,iOS,279,8.72,1854,92,915,54,Male
1726,Samsung Galaxy S21,iOS,297,8.67,842,16,997,40,Male
1727,Samsung Galaxy S21,iOS,296,5.67,373,93,2464,47,Male
1728,Samsung Galaxy S21,iOS,31,9.7,1992,11,422,54,Male
1729,iPhone 12,Android,100,3.06,1383,91,257,27,Male
1730,Samsung Galaxy S21,iOS,129,9.11,1229,62,1368,36,Male
1731,Xiaomi Mi 11,iOS,467,8.87,1416,60,304,37,Male
1732,iPhone 12,iOS,394,8.25,2124,86,379,30,Female
1733,Samsung Galaxy S21,Android,40,2.11,2961,62,1315,19,Female
1734,iPhone 12,Android,302,8.09,1063,13,2313,20,Male
1735,Google Pixel 5,Android,413,9.35,2615,51,806,26,Female
1736,Xiaomi Mi 11,iOS,421,2.52,2986,53,577,59,Female
1737,Xiaomi Mi 11,iOS,553,7.81,610,89,944,47,Female
1738,iPhone 12,iOS,496,11.77,375,98,459,29,Female
1739,Samsung Galaxy S21,iOS,398,3.3,966,53,1824,54,Male
1740,Samsung Galaxy S21,Android,503,10.82,966,27,746,34,Female
1741,iPhone 12,Android,360,11.84,1229,66,1248,36,Female
1742,Samsung Galaxy S21,Android,190,2.49,2256,92,1306,42,Female
1743,Xiaomi Mi 11,Android,401,8.37,1435,38,227,42,Male
1744,Google Pixel 5,Android,346,10.78,680,18,189,51,Female
1745,Samsung Galaxy S21,iOS,205,11.28,432,70,1389,36,Female
1746,OnePlus 9,Android,580,11.55,1422,50,1106,44,Female
1747,Google Pixel 5,iOS,458,10.33,871,68,2026,34,Female
1748,Xiaomi Mi 11,iOS,120,3.44,746,77,1801,41,Female
1749,Xiaomi Mi 11,Android,366,9.43,2711,79,627,19,Female
1750,Xiaomi Mi 11,iOS,149,5.15,814,80,1654,31,Female
1751,Xiaomi Mi 11,iOS,33,10.53,421,38,729,40,Female
1752,Xiaomi Mi 11,Android,558,1.61,1512,67,1016,52,Male
1753,Google Pixel 5,Android,356,10.31,831,78,1963,21,Male
1754,Google Pixel 5,Android,432,2.03,1638,72,487,31,Female
1755,Xiaomi Mi 11,iOS,255,6.45,2949,47,871,24,Male
1756,Samsung Galaxy S21,iOS,495,10.68,563,29,2029,34,Female
1757,OnePlus 9,Android,225,8.23,450,82,1992,22,Male
1758,iPhone 12,Android,419,6.3,2374,62,2374,37,Female
1759,OnePlus 9,Android,497,4.58,2291,56,1311,56,Male
1760,Xiaomi Mi 11,Android,282,8.28,2848,61,612,43,Male
1761,Xiaomi Mi 11,Android,284,8.56,460,54,1460,31,Male
1762,Samsung Galaxy S21,Android,196,1.24,2912,12,626,21,Female
1763,OnePlus 9,Android,168,1.29,905,24,319,33,Female
1764,Google Pixel 5,iOS,569,11.62,2531,59,867,44,Male
1765,Samsung Galaxy S21,iOS,303,10.62,2631,89,706,56,Male
1766,Xiaomi Mi 11,iOS,266,9.95,655,37,1876,43,Male
1767,OnePlus 9,iOS,194,8.05,315,84,1055,25,Male
1768,Xiaomi Mi 11,Android,268,9.56,2776,11,349,40,Female
1769,iPhone 12,Android,404,7.02,1115,58,1237,55,Female
1770,iPhone 12,Android,156,5.32,677,41,2256,18,Male
1771,Xiaomi Mi 11,Android,92,2.76,2464,39,1790,48,Male
1772,Samsung Galaxy S21,iOS,521,9.61,2922,77,2449,37,Female
1773,OnePlus 9,iOS,230,6.89,1897,35,2087,33,Female
1774,Samsung Galaxy S21,Android,381,6.96,2859,52,1463,31,Male
1775,Samsung Galaxy S21,iOS,172,11.53,384,57,386,33,Male
1776,iPhone 12,Android,309,11.16,1539,77,1932,52,Female
1777,Xiaomi Mi 11,iOS,79,8.79,2909,13,438,28,Female
1778,Google Pixel 5,Android,241,9.64,1406,33,2403,43,Male
1779,iPhone 12,iOS,535,1.6,646,86,964,56,Male
1780,OnePlus 9,iOS,322,10.2,1728,82,764,25,Female
1781,Google Pixel 5,Android,243,8.88,420,88,2177,33,Male
1782,OnePlus 9,iOS,452,4.68,1457,47,510,59,Male
1783,Xiaomi Mi 11,iOS,58,8.24,1608,48,988,20,Male
1784,Google Pixel 5,iOS,507,10.58,1660,63,416,50,Female
1785,iPhone 12,iOS,230,2.85,505,71,2059,34,Male
1786,iPhone 12,iOS,489,11.35,2335,75,1654,43,Female
1787,iPhone 12,iOS,120,7.75,902,48,1237,56,Female
1788,Xiaomi Mi 11,iOS,143,10.16,2054,18,295,51,Male
1789,Samsung Galaxy S21,Android,99,9.38,913,10,1136,45,Male
1790,iPhone 12,iOS,350,4.26,349,62,1668,37,Male
1791,OnePlus 9,iOS,360,6.48,2259,84,1429,37,Male
1792,Samsung Galaxy S21,Android,467,10.49,749,22,2067,49,Male
1793,iPhone 12,iOS,389,1.09,2986,44,1314,19,Male
1794,Xiaomi Mi 11,iOS,239,2.82,533,62,172,25,Female
1795,Xiaomi Mi 11,iOS,549,6.02,1322,16,681,30,Female
1796,Samsung Galaxy S21,Android,78,10.75,494,54,1431,39,Female
1797,Samsung Galaxy S21,iOS,429,2.31,2192,45,2399,38,Male
1798,iPhone 12,Android,128,4.33,2394,96,1613,26,Male
1799,Xiaomi Mi 11,Android,202,4.08,894,27,1394,30,Male
1800,Xiaomi Mi 11,iOS,310,10.16,1063,83,2320,33,Female
1801,Samsung Galaxy S21,Android,312,2.09,2038,41,1563,58,Female
1802,iPhone 12,Android,130,1.45,447,37,683,44,Female
1803,Google Pixel 5,Android,529,8.4,2199,60,1083,24,Female
1804,Xiaomi Mi 11,Android,439,3.49,1149,48,1851,25,Male
1805,Google Pixel 5,iOS,309,9.66,1760,25,733,24,Female
1806,iPhone 12,iOS,529,11.44,584,24,1036,37,Female
1807,Google Pixel 5,iOS,405,2.19,2398,75,2059,40,Male
1808,Samsung Galaxy S21,iOS,440,7.19,2928,90,1749,37,Female
1809,iPhone 12,Android,575,4.83,1926,60,1067,36,Female
1810,OnePlus 9,iOS,161,2.38,2757,98,1646,50,Male
1811,Samsung Galaxy S21,Android,60,2.6,1245,10,1593,58,Female
1812,Xiaomi Mi 11,iOS,329,5.11,1495,97,244,32,Female
1813,OnePlus 9,Android,444,9.44,1219,90,508,21,Female
1814,Samsung Galaxy S21,iOS,169,3.39,575,94,376,55,Female
1815,Xiaomi Mi 11,iOS,598,1.83,2787,91,998,33,Male
1816,iPhone 12,iOS,510,6.42,1575,52,372,55,Female
1817,iPhone 12,Android,494,6.62,819,52,2012,48,Female
1818,Google Pixel 5,iOS,353,1.26,408,61,1887,56,Male
1819,iPhone 12,Android,401,11.65,650,37,569,30,Male
1820,Google Pixel 5,iOS,144,2.74,2868,41,1273,55,Female
1821,iPhone 12,Android,418,3.55,1050,45,637,57,Male
1822,Google Pixel 5,Android,376,5.53,1978,23,691,44,Female
1823,iPhone 12,iOS,407,6.5,397,52,2257,53,Male
1824,Samsung Galaxy S21,Android,355,8.05,2381,94,1605,44,Female
1825,iPhone 12,Android,550,10.26,2282,18,2309,34,Female
1826,OnePlus 9,iOS,227,8.36,2475,42,2328,49,Female
1827,Xiaomi Mi 11,Android,456,9.14,1246,10,1059,40,Female
1828,Samsung Galaxy S21,Android,126,1.42,2739,72,2009,28,Female
1829,OnePlus 9,Android,463,1.07,1133,98,121,18,Female
1830,Google Pixel 5,Android,547,10.64,2506,41,2045,33,Male
1831,Xiaomi Mi 11,Android,280,6.68,1060,45,1134,34,Male
1832,Google Pixel 5,iOS,86,11.28,864,31,173,43,Male
1833,iPhone 12,iOS,33,7.32,1645,88,1612,47,Female
1834,Google Pixel 5,Android,298,7.39,1364,41,637,23,Male
1835,iPhone 12,Android,555,9.1,970,30,1089,29,Female
1836,Samsung Galaxy S21,Android,109,6.78,1947,24,1682,58,Female
1837,Samsung Galaxy S21,Android,291,7.91,2401,23,646,53,Male
1838,OnePlus 9,iOS,58,4.02,1317,56,1083,45,Female
1839,Google Pixel 5,Android,573,7.08,821,74,1450,41,Male
1840,OnePlus 9,Android,473,8.51,572,92,251,19,Male
1841,Samsung Galaxy S21,Android,209,4.26,2883,12,1111,51,Female
1842,Samsung Galaxy S21,iOS,319,3.01,2201,54,224,33,Male
1843,iPhone 12,Android,42,9.77,1995,93,686,36,Female
1844,Xiaomi Mi 11,Android,209,10.0,2013,41,1842,46,Female
1845,Google Pixel 5,Android,217,5.67,1631,79,1427,29,Female
1846,Google Pixel 5,iOS,89,2.68,1285,52,1116,27,Female
1847,Xiaomi Mi 11,Android,306,7.09,2775,32,1539,53,Male
1848,iPhone 12,iOS,378,8.01,1981,81,718,51,Female
1849,iPhone 12,iOS,146,11.13,498,94,1257,24,Male
1850,Xiaomi Mi 11,iOS,449,2.13,2418,72,1999,36,Male
1851,Samsung Galaxy S21,Android,111,9.49,2867,82,375,45,Female
1852,Google Pixel 5,iOS,475,2.92,2729,44,2217,42,Female
1853,Google Pixel 5,Android,199,8.9,785,27,1909,22,Female
1854,Samsung Galaxy S21,Android,152,3.94,1083,46,2475,53,Female
1855,iPhone 12,Android,347,7.25,2467,92,1385,19,Male
1856,OnePlus 9,iOS,385,7.59,1842,90,2339,45,Male
1857,Google Pixel 5,Android,505,7.63,2163,86,1621,45,Male
1858,Samsung Galaxy S21,Android,287,7.16,488,92,616,28,Female
1859,Samsung Galaxy S21,iOS,381,10.76,2973,29,890,38,Female
1860,OnePlus 9,iOS,69,9.22,607,98,582,53,Female
1861,iPhone 12,iOS,124,11.89,1211,14,636,56,Female
1862,iPhone 12,Android,165,4.07,2734,68,1420,35,Female
1863,Samsung Galaxy S21,Android,194,2.93,814,43,2222,47,Female
1864,Google Pixel 5,Android,114,6.62,2291,59,1044,57,Female
1865,Google Pixel 5,Android,246,11.5,643,29,1553,22,Female
1866,iPhone 12,Android,357,6.85,1626,70,1647,57,Female
1867,OnePlus 9,Android,179,6.64,1699,15,1233,33,Male
1868,Xiaomi Mi 11,Android,435,7.99,561,92,1615,25,Male
1869,Samsung Galaxy S21,Android,392,11.95,2707,63,1338,46,Male
1870,Google Pixel 5,iOS,595,6.82,1724,47,2324,30,Male
1871,iPhone 12,Android,67,4.41,1775,59,1640,31,Male
1872,Samsung Galaxy S21,Android,93,6.91,1600,57,1924,59,Female
1873,iPhone 12,iOS,524,10.47,2400,97,1542,34,Female
1874,OnePlus 9,Android,385,7.01,1743,78,401,51,Female
1875,iPhone 12,iOS,59,11.03,865,61,1687,54,Male
1876,Xiaomi Mi 11,Android,428,5.8,2608,31,792,57,Male
1877,Xiaomi Mi 11,iOS,237,8.71,1691,18,1906,24,Female
1878,Xiaomi Mi 11,Android,147,10.64,649,10,2246,33,Female
1879,Xiaomi Mi 11,Android,398,5.34,1851,62,798,45,Female
1880,Xiaomi Mi 11,iOS,577,4.31,1663,86,1933,36,Male
1881,Samsung Galaxy S21,iOS,484,3.64,1472,97,1619,30,Female
1882,OnePlus 9,iOS,573,8.64,2857,20,180,22,Male
1883,Xiaomi Mi 11,Android,506,1.5,2034,44,298,28,Female
1884,OnePlus 9,iOS,252,9.37,1963,80,2204,24,Male
1885,Samsung Galaxy S21,Android,38,5.23,1496,46,916,26,Female
1886,Xiaomi Mi 11,Android,241,7.57,1737,80,946,59,Female
1887,Samsung Galaxy S21,Android,188,4.92,2409,68,2000,35,Male
1888,Google Pixel 5,Android,202,1.56,1318,42,2082,46,Male
1889,Samsung Galaxy S21,Android,225,8.18,2523,38,1051,26,Male
1890,Xiaomi Mi 11,iOS,546,5.25,399,31,1903,37,Female
1891,Xiaomi Mi 11,Android,230,4.05,1520,60,659,47,Male
1892,Samsung Galaxy S21,iOS,218,7.16,959,93,2471,22,Female
1893,Google Pixel 5,Android,328,3.64,511,90,1876,34,Female
1894,Xiaomi Mi 11,Android,585,11.16,775,58,1632,33,Female
1895,OnePlus 9,iOS,250,3.16,1936,13,176,49,Female
1896,Xiaomi Mi 11,iOS,213,1.18,2242,17,2385,25,Male
1897,Google Pixel 5,Android,173,10.43,2083,27,737,26,Female
1898,Google Pixel 5,iOS,344,1.8,2689,66,2009,26,Male
1899,Samsung Galaxy S21,Android,204,4.55,2099,86,1401,33,Female
1900,Xiaomi Mi 11,iOS,224,8.51,2907,29,2082,53,Female
1901,Samsung Galaxy S21,iOS,40,8.66,2835,37,625,56,Female
1902,Samsung Galaxy S21,iOS,32,1.98,1112,14,365,24,Male
1903,OnePlus 9,Android,167,6.25,1064,13,2110,35,Female
1904,Samsung Galaxy S21,iOS,174,8.73,1681,28,1714,50,Female
1905,Google Pixel 5,Android,217,1.67,2448,50,1710,29,Female
1906,OnePlus 9,Android,482,5.81,1124,98,2290,46,Female
1907,iPhone 12,iOS,406,4.17,1799,25,2035,50,Female
1908,Google Pixel 5,Android,516,7.65,1020,53,852,38,Female
1909,Xiaomi Mi 11,Android,228,10.45,1125,75,2468,43,Female
1910,iPhone 12,iOS,375,6.84,689,38,595,41,Female
1911,iPhone 12,Android,142,7.26,437,57,1318,54,Male
1912,Samsung Galaxy S21,iOS,597,5.84,2153,22,695,24,Female
1913,Google Pixel 5,iOS,84,9.01,569,55,252,54,Male
1914,OnePlus 9,Android,99,10.22,663,68,1898,35,Male
1915,OnePlus 9,iOS,467,2.91,1274,20,1755,36,Female
1916,Google Pixel 5,Android,399,3.43,781,53,1202,40,Female
1917,OnePlus 9,iOS,227,1.84,1852,68,498,53,Female
1918,iPhone 12,Android,381,4.5,2936,31,2392,49,Female
1919,Samsung Galaxy S21,iOS,72,1.36,635,43,224,41,Male
1920,Google Pixel 5,Android,478,4.99,1695,76,1048,36,Female
1921,Samsung Galaxy S21,Android,242,4.45,1049,28,1809,31,Female
1922,OnePlus 9,iOS,507,10.25,962,28,1011,51,Male
1923,iPhone 12,iOS,176,10.44,1659,67,886,48,Male
1924,Samsung Galaxy S21,iOS,441,8.81,1511,39,307,53,Male
1925,Xiaomi Mi 11,Android,560,4.43,2076,16,575,45,Female
1926,Samsung Galaxy S21,iOS,529,3.03,2526,42,472,18,Female
1927,iPhone 12,iOS,385,5.81,310,98,1347,28,Female
1928,Xiaomi Mi 11,Android,131,3.03,1339,99,2129,43,Male
1929,Xiaomi Mi 11,iOS,446,1.97,2880,95,484,22,Female
1930,iPhone 12,Android,129,2.37,1833,51,550,35,Male
1931,Xiaomi Mi 11,iOS,545,2.02,1760,42,2013,24,Female
1932,Xiaomi Mi 11,iOS,203,3.41,1192,91,998,43,Female
1933,OnePlus 9,Android,399,10.9,1006,35,1308,53,Male
1934,OnePlus 9,Android,443,5.09,2571,85,1311,49,Male
1935,OnePlus 9,iOS,442,2.35,2527,70,128,20,Male
1936,iPhone 12,Android,505,7.09,1431,76,2067,51,Female
1937,iPhone 12,iOS,569,1.05,2840,40,2079,51,Male
1938,Xiaomi Mi 11,Android,161,1.18,422,73,891,34,Male
1939,iPhone 12,Android,319,7.79,888,53,2347,44,Female
1940,Samsung Galaxy S21,iOS,411,6.19,2452,42,1858,21,Male
1941,OnePlus 9,iOS,512,9.27,1607,83,1409,26,Female
1942,Xiaomi Mi 11,iOS,438,11.71,2144,32,1627,59,Male
1943,Google Pixel 5,Android,591,8.72,2875,98,1100,29,Female
1944,OnePlus 9,iOS,114,11.28,608,41,898,34,Male
1945,Google Pixel 5,iOS,269,10.77,1416,91,376,24,Female
1946,Google Pixel 5,iOS,308,5.15,1215,83,2235,49,Female
1947,iPhone 12,iOS,366,3.04,1439,93,1421,22,Male
1948,Xiaomi Mi 11,Android,267,11.23,1881,71,469,37,Male
1949,iPhone 12,iOS,406,1.07,2426,82,952,21,Male
1950,Samsung Galaxy S21,iOS,93,7.0,1869,62,499,55,Female
1951,iPhone 12,iOS,84,2.14,1623,45,533,19,Male
1952,Samsung Galaxy S21,Android,53,2.13,1281,25,140,21,Female
1953,OnePlus 9,Android,44,4.13,2930,85,1777,34,Female
1954,iPhone 12,iOS,547,2.85,321,80,266,28,Male
1955,Xiaomi Mi 11,iOS,499,1.99,2578,78,1000,49,Female
1956,iPhone 12,iOS,256,4.87,307,28,529,47,Male
1957,Xiaomi Mi 11,iOS,287,1.15,2519,66,1009,43,Male
1958,Xiaomi Mi 11,Android,590,10.72,1237,51,1913,47,Female
1959,iPhone 12,Android,315,9.6,1225,57,2127,55,Male
1960,OnePlus 9,iOS,392,7.1,1094,71,1845,47,Male
1961,Google Pixel 5,Android,170,4.53,2232,10,1877,48,Female
1962,Google Pixel 5,Android,175,1.43,1792,31,2302,47,Male
1963,Google Pixel 5,iOS,272,11.11,1191,15,2103,22,Female
1964,Google Pixel 5,Android,231,11.82,1135,23,792,23,Female
1965,Xiaomi Mi 11,iOS,164,1.32,2861,66,1161,58,Female
1966,iPhone 12,Android,499,5.81,2361,91,899,36,Female
1967,Samsung Galaxy S21,iOS,428,10.28,1597,41,103,18,Male
1968,Google Pixel 5,Android,309,7.96,1583,89,1891,47,Female
1969,OnePlus 9,Android,420,6.5,1693,55,1040,37,Female
1970,OnePlus 9,Android,466,9.87,1742,67,1196,21,Female
1971,Google Pixel 5,iOS,230,1.16,1687,89,2106,25,Female
1972,Google Pixel 5,Android,169,7.77,1887,51,731,39,Male
1973,Xiaomi Mi 11,Android,223,2.68,2653,39,1178,34,Male
1974,Xiaomi Mi 11,Android,41,1.95,2026,19,408,50,Male
1975,Samsung Galaxy S21,Android,181,4.73,2641,51,1916,55,Female
1976,Google Pixel 5,Android,502,8.83,1966,54,1175,30,Female
1977,Google Pixel 5,Android,109,3.55,1565,72,1671,51,Male
1978,iPhone 12,iOS,88,1.35,2182,96,1217,25,Male
1979,iPhone 12,Android,136,8.89,2776,86,2001,21,Male
1980,Samsung Galaxy S21,iOS,420,4.98,2310,27,130,35,Female
1981,Xiaomi Mi 11,Android,507,4.52,1959,11,731,21,Female
1982,Google Pixel 5,Android,141,3.65,1303,38,1347,49,Male
1983,OnePlus 9,iOS,376,5.18,2183,77,574,40,Female
1984,iPhone 12,Android,457,10.16,2138,52,1762,38,Female
1985,OnePlus 9,iOS,239,6.18,1767,14,1095,27,Female
1986,Samsung Galaxy S21,Android,341,7.1,2780,90,1195,49,Male
1987,Xiaomi Mi 11,Android,301,10.33,1501,82,441,28,Female
1988,Samsung Galaxy S21,iOS,125,10.64,2594,97,2248,55,Male
1989,iPhone 12,iOS,382,2.18,2474,99,1531,26,Male
1990,OnePlus 9,Android,422,10.34,2238,72,2324,49,Male
1991,Google Pixel 5,Android,531,2.37,1730,72,1074,41,Male
1992,Xiaomi Mi 11,Android,48,5.11,2677,31,2264,48,Female
1993,iPhone 12,Android,145,11.85,2636,73,665,47,Female
1994,Google Pixel 5,Android,353,1.83,1122,55,626,19,Male
1995,iPhone 12,iOS,331,8.68,2505,20,881,52,Female
1996,Samsung Galaxy S21,iOS,193,6.15,758,93,305,27,Male
1997,OnePlus 9,iOS,425,7.75,1373,58,362,25,Male
1998,OnePlus 9,Android,438,2.53,350,11,320,45,Male
1999,Samsung Galaxy S21,iOS,306,5.35,1575,25,768,49,Female
2000,OnePlus 9,Android,105,5.28,1496,22,1224,23,Female
2001,Samsung Galaxy S21,Android,65,9.02,2980,53,1005,53,Female
2002,Samsung Galaxy S21,iOS,271,10.08,1720,13,2417,43,Female
2003,iPhone 12,Android,216,3.71,1214,30,772,42,Male
2004,Google Pixel 5,iOS,193,3.34,2951,86,503,49,Female
2005,iPhone 12,Android,598,3.16,2947,50,114,55,Female
2006,Xiaomi Mi 11,iOS,208,2.8,792,72,1431,45,Male
2007,OnePlus 9,iOS,534,2.46,745,49,190,57,Female
2008,Google Pixel 5,Android,563,1.82,351,70,1341,45,Male
2009,OnePlus 9,Android,469,1.35,1575,90,680,45,Male
2010,Xiaomi Mi 11,iOS,502,1.29,1456,42,339,42,Female
2011,OnePlus 9,iOS,382,3.75,1758,57,1599,24,Female
2012,Samsung Galaxy S21,iOS,393,5.27,731,68,1306,47,Male
2013,iPhone 12,iOS,85,2.77,1411,84,829,18,Female
2014,Samsung Galaxy S21,iOS,192,9.0,1537,89,2440,28,Male
2015,Xiaomi Mi 11,iOS,95,8.82,375,90,1380,19,Male
2016,Xiaomi Mi 11,Android,116,5.4,2472,48,959,39,Female
2017,Google Pixel 5,iOS,156,9.48,705,65,1834,39,Male
2018,OnePlus 9,iOS,284,3.04,2390,94,2044,43,Male
2019,OnePlus 9,Android,558,1.21,442,22,379,59,Male
2020,iPhone 12,iOS,146,2.12,2563,54,648,19,Male
2021,Google Pixel 5,iOS,193,1.05,1950,65,2149,20,Male
2022,Google Pixel 5,Android,442,5.57,2504,59,117,22,Male
2023,Xiaomi Mi 11,Android,154,3.54,1963,44,254,40,Male
2024,Xiaomi Mi 11,Android,295,8.53,1277,39,1954,55,Male
2025,Google Pixel 5,iOS,79,1.1,2128,24,934,24,Male
2026,OnePlus 9,Android,466,3.11,2029,50,509,39,Female
2027,Xiaomi Mi 11,Android,195,4.25,2875,96,1669,55,Female
2028,OnePlus 9,iOS,437,1.77,1881,13,827,32,Male
2029,Google Pixel 5,iOS,593,2.56,1749,42,1079,53,Female
2030,Xiaomi Mi 11,Android,353,1.79,1784,78,1202,50,Male
2031,iPhone 12,iOS,42,7.47,2578,12,1724,57,Male
2032,Samsung Galaxy S21,iOS,266,9.17,767,70,1814,53,Male
2033,OnePlus 9,Android,67,11.09,2949,62,810,55,Female
2034,Xiaomi Mi 11,Android,359,11.24,312,78,2182,50,Female
2035,Xiaomi Mi 11,Android,512,11.18,543,22,642,46,Female
2036,OnePlus 9,Android,314,9.26,620,55,1021,34,Male
2037,Xiaomi Mi 11,iOS,34,5.77,1323,35,937,49,Female
2038,Xiaomi Mi 11,iOS,171,4.53,2649,23,375,48,Female
2039,Samsung Galaxy S21,Android,434,11.47,2787,79,2240,21,Female
2040,Xiaomi Mi 11,Android,337,1.1,750,17,936,23,Female
2041,Xiaomi Mi 11,Android,557,11.32,1473,88,543,36,Female
2042,OnePlus 9,iOS,225,6.16,2914,77,1983,26,Male
2043,Google Pixel 5,Android,521,11.53,1710,94,1781,51,Male
2044,Xiaomi Mi 11,iOS,59,8.22,1275,75,738,52,Male
2045,OnePlus 9,iOS,161,3.86,1702,56,2345,37,Female
2046,Xiaomi Mi 11,iOS,579,11.54,2721,94,2146,51,Female
2047,OnePlus 9,Android,419,1.1,1344,88,1425,38,Female
2048,iPhone 12,Android,246,3.38,1241,48,2014,26,Male
2049,OnePlus 9,Android,161,10.61,2409,45,2160,42,Male
2050,Samsung Galaxy S21,iOS,234,2.95,1075,10,1484,53,Male
2051,OnePlus 9,iOS,223,1.12,1640,61,432,20,Female
2052,Xiaomi Mi 11,Android,402,3.86,1478,58,505,22,Female
2053,Samsung Galaxy S21,Android,226,10.57,1572,61,1125,23,Female
2054,Samsung Galaxy S21,iOS,133,6.89,1907,46,1894,58,Male
2055,OnePlus 9,iOS,190,1.32,1292,37,1669,25,Male
2056,Google Pixel 5,Android,550,11.91,1804,60,387,40,Male
2057,Samsung Galaxy S21,Android,204,3.24,1056,83,328,34,Female
2058,Google Pixel 5,Android,148,10.73,2533,68,566,28,Male
2059,Xiaomi Mi 11,Android,176,8.87,2800,41,1355,25,Male
2060,OnePlus 9,Android,432,9.78,319,58,1921,54,Male
2061,Google Pixel 5,Android,476,1.21,561,76,953,59,Male
2062,Xiaomi Mi 11,iOS,386,8.28,1328,26,1694,50,Female
2063,Google Pixel 5,Android,389,11.58,2161,93,1827,41,Male
2064,Samsung Galaxy S21,iOS,106,4.18,1069,12,1756,42,Male
2065,iPhone 12,Android,116,3.37,1681,72,1893,38,Male
2066,Samsung Galaxy S21,Android,327,2.9,1769,85,1271,53,Female
2067,Google Pixel 5,iOS,287,5.51,1897,82,859,24,Male
2068,Samsung Galaxy S21,Android,460,2.37,772,93,2192,49,Female
2069,OnePlus 9,iOS,555,5.26,1672,38,1343,21,Female
2070,Google Pixel 5,iOS,261,3.98,538,16,1568,23,Male
2071,Samsung Galaxy S21,Android,573,9.18,2008,10,2193,57,Female
2072,Samsung Galaxy S21,Android,502,8.79,1853,17,2430,38,Female
2073,Xiaomi Mi 11,iOS,44,10.53,1006,25,503,22,Female
2074,Samsung Galaxy S21,Android,160,3.42,787,32,1707,54,Female
2075,Xiaomi Mi 11,iOS,303,8.44,881,94,725,21,Male
2076,Xiaomi Mi 11,Android,123,4.09,1876,74,1972,24,Male
2077,Xiaomi Mi 11,iOS,585,2.65,2322,58,1845,32,Male
2078,iPhone 12,Android,288,11.77,1177,43,2108,40,Male
2079,Xiaomi Mi 11,iOS,483,4.84,768,76,727,27,Female
2080,Samsung Galaxy S21,iOS,135,3.28,791,59,1707,56,Female
2081,Samsung Galaxy S21,Android,308,1.25,2597,31,379,34,Female
2082,OnePlus 9,Android,380,9.83,2321,95,785,20,Male
2083,OnePlus 9,Android,148,1.24,325,14,1660,58,Female
2084,OnePlus 9,Android,541,10.27,2764,15,1004,34,Female
2085,OnePlus 9,Android,584,7.31,842,42,1689,54,Female
2086,Samsung Galaxy S21,iOS,580,10.91,588,21,976,36,Male
2087,iPhone 12,iOS,213,1.63,1952,37,1183,19,Male
2088,iPhone 12,iOS,421,8.35,2849,32,1099,33,Male
2089,Xiaomi Mi 11,iOS,592,11.82,609,84,1965,37,Male
2090,Xiaomi Mi 11,iOS,172,7.79,1143,37,2261,33,Female
2091,Xiaomi Mi 11,Android,597,11.92,2891,84,910,24,Male
2092,OnePlus 9,iOS,593,7.39,2506,25,757,51,Female
2093,Xiaomi Mi 11,Android,141,1.37,2480,45,484,21,Male
2094,OnePlus 9,iOS,192,4.16,931,54,1277,36,Male
2095,Google Pixel 5,Android,125,9.24,494,38,1438,24,Female
2096,Xiaomi Mi 11,Android,136,8.48,1987,92,161,46,Female
2097,Samsung Galaxy S21,iOS,418,7.67,2175,82,1757,23,Male
2098,Google Pixel 5,Android,241,5.42,2939,98,419,38,Female
2099,iPhone 12,iOS,553,8.49,926,17,135,19,Male
2100,Samsung Galaxy S21,Android,552,9.36,2404,11,908,49,Male
